season,week,team,season_type,opponent_team,completions,attempts,passing_yards,passing_tds,passing_interceptions,sacks_suffered,sack_yards_lost,sack_fumbles,sack_fumbles_lost,passing_air_yards,passing_yards_after_catch,passing_first_downs,passing_epa,passing_cpoe,passing_2pt_conversions,carries,rushing_yards,rushing_tds,rushing_fumbles,rushing_fumbles_lost,rushing_first_downs,rushing_epa,rushing_2pt_conversions,receptions,targets,receiving_yards,receiving_tds,receiving_fumbles,receiving_fumbles_lost,receiving_air_yards,receiving_yards_after_catch,receiving_first_downs,receiving_epa,receiving_2pt_conversions,special_teams_tds,def_tackles_solo,def_tackles_with_assist,def_tackle_assists,def_tackles_for_loss,def_tackles_for_loss_yards,def_fumbles_forced,def_sacks,def_sack_yards,def_qb_hits,def_interceptions,def_interception_yards,def_pass_defended,def_tds,def_fumbles,def_safeties,misc_yards,fumble_recovery_own,fumble_recovery_yards_own,fumble_recovery_opp,fumble_recovery_yards_opp,fumble_recovery_tds,penalties,penalty_yards,timeouts,punt_returns,punt_return_yards,kickoff_returns,kickoff_return_yards,fg_made,fg_att,fg_missed,fg_blocked,fg_long,fg_pct,fg_made_0_19,fg_made_20_29,fg_made_30_39,fg_made_40_49,fg_made_50_59,fg_made_60_,fg_missed_0_19,fg_missed_20_29,fg_missed_30_39,fg_missed_40_49,fg_missed_50_59,fg_missed_60_,fg_made_list,fg_missed_list,fg_blocked_list,fg_made_distance,fg_missed_distance,fg_blocked_distance,pat_made,pat_att,pat_missed,pat_blocked,pat_pct,gwfg_made,gwfg_att,gwfg_missed,gwfg_blocked,gwfg_distance
2025,1,ARI,REG,NO,21,29,163,2,0,5,-33,0,0,166,100,11,1.524799326,-1.733811046,0,27,146,0,0,0,6,1.158539803,0,21,29,163,2,0,0,166,100,11,8.77765306,0,0,36,2,36,3,10,0,1,6,2,0,0,10,0,0,0,0,0,0,0,0,0,9,54,0,3,30,3,73,2,3,0,1,50,0.666666667,0,0,0,1,1,0,0,0,0,0,0,0,42;50,NA,46,92,0,46,2,2,0,0,1,0,0,0,0,0
2025,1,ATL,REG,TB,27,42,298,1,0,1,-9,0,0,288,189,16,9.624095207,-5.938342639,0,28,69,1,1,0,6,-5.766494454,0,27,42,298,1,0,0,288,189,16,11.56169948,0,0,27,1,25,2,3,0,1,8,3,0,0,7,0,0,0,0,1,2,0,0,0,8,55,6,2,29,5,125,2,3,1,0,41,0.666666667,0,0,1,1,0,0,0,0,0,1,0,0,41;36,44,NA,77,44,0,2,2,0,0,1,0,0,0,0,0
2025,1,BAL,REG,BUF,14,19,209,2,0,2,-15,0,0,173,109,8,8.798420578,8.720899256,0,29,238,3,2,1,10,10.48651435,0,14,19,209,2,0,0,173,109,8,12.06460381,0,0,51,2,22,3,8,1,1,5,3,0,0,4,0,0,0,0,1,1,0,0,0,7,51,5,1,6,6,167,2,2,0,0,52,1,0,0,0,1,1,0,0,0,0,0,0,0,52;49,NA,NA,101,0,0,4,5,1,0,0.8,0,0,0,0,0
2025,1,BUF,REG,BAL,33,46,394,2,0,1,-5,0,0,400,148,19,14.23371439,8.594318959,0,31,108,3,0,0,9,1.987570705,0,33,45,394,2,1,0,400,148,19,15.71253553,0,0,44,0,8,5,45,2,2,15,4,0,0,1,0,0,0,0,0,0,1,1,0,5,38,6,1,0,7,193,3,3,0,0,43,1,0,1,1,1,0,0,0,0,0,0,0,0,25;43;32,NA,NA,100,0,0,2,2,0,0,1,1,1,0,0,32
2025,1,CAR,REG,JAX,18,35,154,1,2,1,-12,0,0,269,60,8,-15.40268957,-12.37158276,0,25,113,0,1,1,5,0.019907066,0,18,34,154,1,0,0,269,60,8,-11.74028114,0,0,42,0,20,1,2,0,0,0,1,1,10,4,0,0,0,0,0,0,0,0,0,4,35,6,2,0,2,43,1,1,0,0,48,1,0,0,0,1,0,0,0,0,0,0,0,0,48,NA,NA,48,0,0,1,1,0,0,1,0,0,0,0,0
2025,1,CHI,REG,MIN,21,35,210,1,0,2,-12,0,0,263,77,10,-6.988247807,-6.666884966,0,26,119,1,0,0,7,2.531188894,0,21,34,210,1,0,0,263,77,10,-2.97034723,0,0,34,4,22,6,15,0,3,9,5,1,74,5,1,0,0,0,0,0,0,0,0,12,127,5,4,37,4,125,1,2,1,0,42,0.5,0,0,0,1,0,0,0,0,0,0,1,0,42,50,NA,42,50,0,3,3,0,0,1,0,0,0,0,0
2025,1,CIN,REG,CLE,14,23,113,1,0,3,-18,0,0,169,49,7,-0.331592737,-1.933407784,0,23,46,1,0,0,3,-5.002946501,0,14,23,113,1,0,0,169,49,7,2.852458836,0,0,36,8,42,4,16,0,2,12,5,2,9,6,0,0,0,0,0,0,0,0,0,7,33,5,1,23,3,70,1,1,0,0,35,1,0,0,1,0,0,0,0,0,0,0,0,0,35,NA,NA,35,0,0,2,2,0,0,1,0,0,0,0,0
2025,1,CLE,REG,CIN,31,45,290,1,2,2,-12,0,0,273,173,13,-1.842127516,2.374263037,0,24,49,1,0,0,5,-1.793224176,0,31,42,290,1,0,0,273,173,13,2.456954128,0,0,31,4,22,8,30,0,3,18,7,0,0,5,0,0,0,0,0,0,0,0,0,7,53,4,3,41,4,105,1,2,1,0,45,0.5,0,0,0,1,0,0,0,0,1,0,0,0,45,36,NA,45,36,0,1,2,1,0,0.5,0,0,0,0,0
2025,1,DAL,REG,PHI,21,34,188,0,0,0,0,0,0,329,75,9,1.654375271,0.172881827,0,22,119,2,1,1,8,0.756882135,0,21,33,188,0,0,0,329,75,9,1.183414347,0,0,36,2,32,5,15,0,1,8,5,0,0,0,0,0,0,0,0,0,0,0,0,4,42,6,0,0,5,101,2,2,0,0,53,1,0,0,0,1,1,0,0,0,0,0,0,0,41;53,NA,NA,94,0,0,2,2,0,0,1,0,0,0,0,0
2025,1,DEN,REG,TEN,25,40,176,1,2,1,-10,1,1,213,94,9,-7.655766741,-1.672002512,0,30,151,1,0,0,5,-4.498567478,0,25,37,176,1,0,0,213,94,9,-0.273178564,0,0,30,6,26,7,51,2,6,50,14,0,0,4,0,1,0,0,0,0,2,2,0,6,45,4,4,47,3,82,2,2,0,0,39,1,0,0,2,0,0,0,0,0,0,0,0,0,39;33,NA,NA,72,0,0,2,2,0,0,1,0,0,0,0,0
2025,1,DET,REG,GB,31,39,225,1,1,4,-25,0,0,163,121,13,1.374377858,11.3394189,0,22,46,0,0,0,2,-5.360156191,0,31,38,225,1,0,0,163,121,13,9.983375241,0,0,32,2,18,2,2,0,0,0,2,0,0,1,0,0,0,0,0,0,0,0,0,7,40,2,2,19,5,116,2,2,0,0,30,1,0,1,1,0,0,0,0,0,0,0,0,0,30;27,NA,NA,57,0,0,1,1,0,0,1,0,0,0,0,0
2025,1,GB,REG,DET,16,22,188,2,0,0,0,0,0,253,39,8,10.06529425,13.07494031,0,25,78,1,0,0,4,-2.420747269,0,16,22,188,2,0,0,253,39,8,10.06529425,0,0,38,5,41,9,32,0,4,25,9,1,0,2,0,0,0,0,0,0,0,0,0,4,40,3,3,32,2,39,2,2,0,0,38,1,0,0,2,0,0,0,0,0,0,0,0,0,34;38,NA,NA,72,0,0,3,3,0,0,1,0,0,0,0,0
2025,1,HOU,REG,LA,19,27,188,0,1,3,-37,0,0,172,73,7,-4.065033345,-0.974656145,0,27,114,0,0,0,8,1.051896472,0,19,27,188,0,1,1,172,73,7,-2.531756629,0,0,35,3,23,5,42,1,3,21,6,0,0,1,0,0,0,0,0,0,1,1,0,11,80,4,2,20,1,11,3,3,0,0,53,1,0,0,0,1,2,0,0,0,0,0,0,0,51;45;53,NA,NA,149,0,0,0,0,0,0,NA,0,0,0,0,0
2025,1,IND,REG,MIA,22,29,272,1,0,1,-10,0,0,196,112,14,12.99771335,5.388343026,0,40,156,2,0,0,11,5.522064567,0,22,29,272,1,0,0,196,112,14,14.7199119,0,0,26,2,24,4,16,1,3,13,6,2,20,5,0,0,0,0,0,0,1,1,0,4,45,3,0,0,1,27,4,4,0,0,48,1,0,2,1,1,0,0,0,0,0,0,0,0,24;35;28;48,NA,NA,135,0,0,3,3,0,0,1,0,0,0,0,0
2025,1,JAX,REG,CAR,19,31,178,1,1,0,0,0,0,223,80,9,1.313112948,-4.054062428,0,32,200,1,0,0,11,6.582180511,0,19,29,178,1,0,0,223,80,9,3.198194113,0,0,29,0,32,2,13,1,1,12,5,2,0,9,0,0,0,0,0,0,1,1,0,11,93,3,1,7,2,32,4,4,0,0,47,1,0,1,2,1,0,0,0,0,0,0,0,0,35;47;36;28,NA,NA,146,0,0,2,2,0,0,1,0,0,0,0,0
2025,1,KC,REG,LAC,24,39,258,1,0,2,-9,0,0,271,116,9,3.448552679,-5.992776312,0,17,98,1,0,0,8,8.906440938,0,24,38,258,1,0,0,271,116,9,5.57010922,0,0,40,2,18,6,17,1,3,14,4,0,0,2,0,0,0,0,1,1,0,0,0,10,71,6,2,7,5,147,3,3,0,0,59,1,0,1,1,0,1,0,0,0,0,0,0,0,35;59;27,NA,NA,121,0,0,0,1,1,0,0,0,0,0,0,0
2025,1,LA,REG,HOU,21,29,245,1,0,3,-21,0,0,226,68,13,6.090108857,5.381516899,0,25,72,1,1,0,4,-6.282822541,0,21,28,245,1,1,1,226,68,13,9.375737025,0,0,38,2,26,3,37,1,3,37,7,1,0,4,0,0,0,0,1,2,1,1,0,7,60,2,2,21,2,60,0,0,0,0,NA,NA,0,0,0,0,0,0,0,0,0,0,0,0,NA,NA,NA,0,0,0,2,2,0,0,1,0,0,0,0,0
2025,1,LAC,REG,KC,25,34,318,3,0,3,-14,0,0,342,134,16,17.56726216,5.788767951,0,25,90,0,0,0,6,-0.231396482,0,25,34,318,3,1,0,342,134,16,21.65659198,0,0,36,0,24,3,10,0,2,9,8,0,0,4,0,0,0,0,0,0,0,0,0,6,49,1,0,0,3,67,2,2,0,0,39,1,0,0,2,0,0,0,0,0,0,0,0,0,39;36,NA,NA,75,0,0,3,3,0,0,1,0,0,0,0,0
2025,1,LV,REG,NE,24,34,362,1,1,4,-29,0,0,350,140,17,14.94532781,9.620190028,0,24,56,1,0,0,3,-7.367797683,0,24,33,362,1,0,0,350,140,17,20.02049293,0,0,40,2,34,6,18,1,4,11,9,1,0,4,0,0,0,0,0,0,0,0,0,9,77,5,1,13,3,96,2,3,1,0,51,0.666666667,0,0,0,1,1,0,0,0,0,0,1,0,51;40,58,NA,91,58,0,2,2,0,0,1,0,0,0,0,0
2025,1,MIA,REG,IND,19,31,146,1,2,3,-13,1,1,234,79,9,-16.14256922,-6.799554536,1,12,78,0,0,0,3,4.071838028,0,19,31,146,1,0,0,234,79,9,-7.430538103,1,0,44,3,35,4,17,0,1,10,2,0,0,4,0,0,0,0,0,0,0,0,0,3,15,5,0,0,7,169,0,0,0,0,NA,NA,0,0,0,0,0,0,0,0,0,0,0,0,NA,NA,NA,0,0,0,0,0,0,0,NA,0,0,0,0,0
2025,1,MIN,REG,CHI,13,20,143,2,1,3,-9,0,0,117,68,5,-9.816290899,-3.260940611,1,26,120,1,0,0,6,0.795088827,0,13,20,143,2,0,0,117,68,5,-4.71552129,1,0,40,1,25,6,23,1,2,12,3,0,0,3,0,0,0,0,0,0,1,1,0,8,50,5,4,68,5,133,2,2,0,0,59,1,0,0,1,0,1,0,0,0,0,0,0,0,31;59,NA,NA,90,0,0,1,1,0,0,1,0,0,0,0,0
2025,1,NE,REG,LV,30,46,287,1,1,4,-11,1,0,353,114,15,-0.325632443,2.388444874,0,18,60,0,0,0,2,-4.16751967,0,30,45,287,1,0,0,353,114,15,5.518519192,0,0,35,6,30,10,30,0,4,29,9,1,1,5,0,0,0,0,1,1,0,0,0,8,70,5,2,16,4,111,2,3,1,0,44,0.666666667,0,0,1,1,0,0,0,0,0,1,0,0,35;44,40,NA,79,40,0,1,1,0,0,1,0,0,0,0,0
2025,1,NO,REG,ARI,27,46,214,0,0,1,-6,0,0,336,85,12,-3.940861125,-4.958502839,0,22,107,1,0,0,5,0.802369574,0,27,41,214,0,0,0,336,85,12,2.362050597,0,0,42,1,27,7,36,0,5,33,5,0,0,5,0,0,0,0,0,0,0,0,0,13,89,3,2,18,5,128,2,3,1,0,36,0.666666667,0,1,1,0,0,0,0,0,1,0,0,0,36;28,37,NA,64,37,0,1,1,0,0,1,0,0,0,0,0
2025,1,NYG,REG,WAS,17,37,168,0,0,2,-11,0,0,226,84,9,-11.39383654,-13.45790112,0,23,74,0,1,0,4,-3.55586418,0,17,32,168,0,0,0,226,84,9,-4.414557021,0,0,31,1,39,3,14,0,3,21,5,0,0,3,0,0,0,0,1,1,0,0,0,6,35,5,3,24,2,41,2,2,0,0,55,1,0,1,0,0,1,0,0,0,0,0,0,0,21;55,NA,NA,76,0,0,0,0,0,0,NA,0,0,0,0,0
2025,1,NYJ,REG,PIT,16,22,218,1,0,1,-6,0,0,169,76,9,10.05393822,10.39640336,0,39,182,3,0,0,13,3.512469,0,16,21,218,1,0,0,169,76,9,12.38419676,0,0,33,0,30,7,34,2,4,26,7,0,0,4,0,0,0,0,0,0,0,0,0,7,74,4,2,19,7,206,2,2,0,0,51,1,0,0,1,0,1,0,0,0,0,0,0,0,35;51,NA,NA,86,0,0,2,2,0,0,1,0,0,0,0,0
2025,1,PHI,REG,DAL,19,23,152,0,0,1,-8,0,0,112,61,6,1.590752036,21.80630878,0,38,158,3,0,0,14,6.04487541,0,19,20,152,0,0,0,112,61,6,5.758010305,0,0,32,2,26,3,8,1,0,0,1,0,0,6,0,0,0,0,0,0,1,1,0,9,110,3,0,0,2,32,1,1,0,0,58,1,0,0,0,0,1,0,0,0,0,0,0,0,58,NA,NA,58,0,0,3,3,0,0,1,0,0,0,0,0
2025,1,PIT,REG,NYJ,22,30,244,4,0,4,-26,0,0,139,173,14,10.20475525,6.350380902,0,20,53,0,1,0,2,-3.050869214,0,22,29,244,4,0,0,139,173,14,16.35746969,0,0,45,5,25,6,20,1,1,6,6,0,0,4,0,0,0,0,2,2,1,1,0,4,26,4,0,0,6,165,2,2,0,0,60,1,0,0,0,0,1,1,0,0,0,0,0,0,56;60,NA,NA,116,0,0,4,4,0,0,1,0,0,0,0,0
2025,1,SEA,REG,SF,16,23,150,0,0,1,-4,1,1,197,47,7,-6.831034911,7.339647954,0,26,84,1,0,0,6,-2.973436875,0,16,22,150,0,2,1,197,47,7,-5.419835606,0,0,43,4,38,7,22,0,1,12,8,2,7,4,0,0,0,8,0,0,0,0,0,4,30,5,1,12,2,59,2,2,0,0,48,1,0,0,1,1,0,0,0,0,0,0,0,0,48;37,NA,NA,85,0,0,1,1,0,0,1,0,0,0,0,0
2025,1,SF,REG,SEA,26,35,277,2,2,1,-12,0,0,260,121,15,13.32988416,15.34145816,0,36,119,0,0,0,7,-5.458840667,0,26,34,277,2,0,0,260,121,15,16.50143826,0,0,36,1,19,7,21,2,1,4,2,0,0,3,0,1,0,0,1,1,2,2,0,9,61,2,4,39,2,40,1,3,1,1,32,0.333333333,0,0,1,0,0,0,0,1,0,0,0,0,32,27,36,32,27,36,2,2,0,0,1,0,0,0,0,0
2025,1,TB,REG,ATL,17,32,167,3,0,1,-8,0,0,334,45,10,5.766234404,-10.4013135,0,23,101,0,0,0,6,0.50599955,0,17,30,167,3,0,0,334,45,10,7.285032267,0,0,41,2,34,7,18,0,1,9,4,0,0,6,0,0,0,0,0,0,0,0,0,5,60,5,1,54,3,81,1,2,1,0,48,0.5,0,0,0,1,0,0,0,0,0,1,0,0,48,44,NA,48,44,0,2,3,1,0,0.666666667,0,0,0,0,0
2025,1,TEN,REG,DEN,12,28,112,0,0,6,-50,1,1,294,64,5,-13.38945842,-12.59703183,0,21,71,0,1,1,2,-9.176746261,0,12,25,112,0,0,0,294,64,5,-0.873451538,0,0,43,3,29,4,15,1,1,10,5,2,16,5,0,0,0,0,0,0,2,2,0,13,131,5,1,12,4,144,4,4,0,0,50,1,0,0,2,1,1,0,0,0,0,0,0,0,50;33;42;35,NA,NA,160,0,0,0,0,0,0,NA,0,0,0,0,0
2025,1,WAS,REG,NYG,19,30,233,1,0,3,-21,0,0,279,97,11,1.364757596,-1.289084348,0,32,220,2,0,0,11,7.834049332,0,19,29,233,1,0,0,279,97,11,8.109852037,0,0,31,2,28,7,19,1,2,11,8,0,0,7,0,0,0,0,0,0,0,0,0,12,89,6,2,0,3,86,0,0,0,0,NA,NA,0,0,0,0,0,0,0,0,0,0,0,0,NA,NA,NA,0,0,0,3,3,0,0,1,0,0,0,0,0
2025,2,ARI,REG,CAR,17,25,220,1,1,1,-9,0,0,160,113,10,6.139767759,0.763731837,0,22,82,1,0,0,5,-0.170235733,0,17,25,220,1,0,0,160,113,10,8.406594366,0,0,44,2,30,6,33,1,3,25,10,1,4,9,0,0,0,0,0,0,1,1,1,12,96,3,1,29,4,87,2,2,0,0,47,1,0,1,0,1,0,0,0,0,0,0,0,0,29;47,NA,NA,76,0,0,3,3,0,0,1,0,0,0,0,0
2025,2,ATL,REG,MIN,13,21,135,0,0,3,-27,0,0,132,59,5,-3.24417159,-7.45016152,0,39,218,1,0,0,12,6.123848628,0,13,21,135,0,1,1,132,59,5,-3.902174276,0,0,29,0,28,5,29,1,6,38,11,2,0,4,0,0,0,0,0,0,2,2,0,5,29,4,0,0,1,21,5,5,0,0,54,1,0,1,3,0,1,0,0,0,0,0,0,0,38;29;33;33;54,NA,NA,187,0,0,1,1,0,0,1,0,0,0,0,0
2025,2,BAL,REG,CLE,19,29,225,4,0,3,-28,0,0,273,66,10,9.342703126,6.713613336,0,21,45,0,1,0,2,-3.09726037,0,19,28,225,4,0,0,273,66,10,14.27283747,0,0,41,3,27,7,22,1,2,11,9,1,61,5,0,0,0,5,1,1,1,1,1,6,28,4,1,23,3,79,2,2,0,0,43,1,0,0,1,1,0,0,0,0,0,0,0,0,43;32,NA,NA,75,0,0,5,5,0,0,1,0,0,0,0,0
2025,2,BUF,REG,NYJ,15,27,180,0,0,1,-1,0,0,146,105,9,0.272271557,-9.081467152,0,43,224,3,1,0,12,9.725426064,0,15,25,180,0,0,0,146,105,9,4.454938826,0,0,31,2,20,5,37,3,4,29,7,0,0,4,0,0,0,0,1,1,1,1,0,6,69,4,4,22,2,47,3,3,0,0,52,1,0,1,1,0,1,0,0,0,0,0,0,0,28;52;33,NA,NA,113,0,0,3,3,0,0,1,0,0,0,0,0
2025,2,CAR,REG,ARI,35,55,328,3,1,3,-25,1,1,375,150,19,3.234232909,-2.349366501,0,19,49,0,0,0,4,-4.658607418,0,35,53,328,3,0,0,375,150,19,14.79976581,0,0,31,1,23,4,17,0,1,9,4,1,0,5,0,0,0,0,0,0,0,0,0,7,83,5,1,12,5,113,1,1,0,0,27,1,0,1,0,0,0,0,0,0,0,0,0,0,27,NA,NA,27,0,0,1,1,0,0,1,0,0,0,0,0
2025,2,CHI,REG,DET,21,33,234,2,1,4,-29,0,0,337,87,11,-0.069212794,-5.176978671,0,27,134,1,2,1,8,-10.55241193,0,21,33,234,2,0,0,337,87,11,6.598584875,0,0,38,4,24,4,15,0,0,0,4,0,0,0,0,0,0,0,1,1,0,0,0,8,50,1,2,16,8,215,0,0,0,0,NA,NA,0,0,0,0,0,0,0,0,0,0,0,0,NA,NA,NA,0,0,0,3,3,0,0,1,0,0,0,0,0
2025,2,CIN,REG,JAX,28,45,317,3,3,3,-15,0,0,360,131,17,-1.828217888,2.383185958,0,17,48,1,0,0,5,1.362428374,0,28,43,317,3,0,0,360,131,17,3.907746544,0,0,43,0,26,2,14,0,1,10,4,2,4,8,0,0,0,0,0,0,0,0,0,3,29,3,1,11,6,154,1,1,0,0,31,1,0,0,1,0,0,0,0,0,0,0,0,0,31,NA,NA,31,0,0,4,4,0,0,1,0,0,0,0,0
2025,2,CLE,REG,BAL,28,48,218,2,1,2,-11,1,1,312,96,10,-23.3165189,-0.200864527,0,22,115,0,0,0,7,4.384331928,0,28,41,218,2,0,0,312,96,10,-7.277298573,0,0,25,3,29,5,25,1,3,28,5,0,0,5,0,0,0,0,0,0,0,0,0,6,42,2,1,0,5,94,1,1,0,0,38,1,0,0,1,0,0,0,0,0,0,0,0,0,38,NA,NA,38,0,0,2,2,0,0,1,0,0,0,0,0
2025,2,DAL,REG,NYG,38,52,361,2,1,3,-18,0,0,350,147,18,10.09848766,2.101741215,0,28,135,2,1,0,9,0.998315427,0,38,52,361,2,0,0,350,147,18,14.75454558,0,0,37,1,43,4,21,0,2,14,6,1,0,2,0,0,0,0,1,2,0,0,0,12,106,7,1,2,9,209,4,4,0,0,64,1,0,0,0,2,1,1,0,0,0,0,0,0,51;44;64;46,NA,NA,205,0,0,4,4,0,0,1,1,1,0,0,46
2025,2,DEN,REG,IND,22,30,206,3,1,0,0,0,0,147,123,11,8.34534349,0.991099775,0,24,118,1,0,0,7,2.012989828,0,22,30,206,3,0,0,147,123,11,8.34534349,0,0,43,0,36,3,17,0,1,10,6,0,0,5,0,0,0,0,0,0,0,0,0,8,83,3,0,0,5,122,0,1,1,0,NA,0,0,0,0,0,0,0,0,0,0,1,0,0,NA,42,NA,0,42,0,4,4,0,0,1,0,0,0,0,0
2025,2,DET,REG,CHI,23,28,334,5,0,0,0,0,0,274,165,15,24.1034203,14.94241634,0,30,177,2,0,0,10,-0.352986505,0,23,28,334,5,0,0,274,165,15,24.1034203,0,0,45,1,25,5,30,1,4,29,4,1,0,5,0,0,0,0,0,0,1,1,0,3,28,3,3,19,2,48,1,2,1,0,34,0.5,0,0,1,0,0,0,0,0,0,0,1,0,34,55,NA,34,55,0,7,7,0,0,1,0,0,0,0,0
2025,2,GB,REG,WAS,19,31,292,2,0,2,-23,0,0,408,130,14,6.66238021,10.36571275,0,30,135,1,0,0,6,1.242463861,0,19,27,292,2,0,0,408,130,14,13.83899421,0,0,42,0,18,3,10,0,4,21,12,0,0,8,0,0,0,0,0,0,0,0,0,10,77,2,3,1,2,57,2,3,1,0,56,0.666666667,0,1,0,0,1,0,0,0,0,1,0,0,22;56,48,NA,78,48,0,3,3,0,0,1,0,0,0,0,0
2025,2,HOU,REG,TB,13,24,207,1,0,3,-25,0,0,195,124,7,-4.481482617,-9.786830648,0,19,84,1,0,0,3,1.47346494,0,13,23,207,1,0,0,195,124,7,3.695639669,0,0,50,3,15,6,26,1,4,24,6,0,0,3,0,0,0,1,0,0,0,0,0,6,45,2,3,67,4,107,2,2,0,0,53,1,0,0,1,0,1,0,0,0,0,0,0,0,35;53,NA,NA,88,0,0,1,1,0,0,1,0,0,0,0,0
2025,2,IND,REG,DEN,23,34,316,1,0,1,-10,0,0,329,131,16,10.95338626,4.973926057,0,32,167,1,0,0,6,-0.895030925,0,23,33,316,1,0,0,329,131,16,13.85934271,0,0,34,2,22,5,8,0,0,0,0,1,0,4,0,0,0,0,0,0,0,0,0,11,68,4,2,4,5,140,5,5,0,0,45,1,0,2,2,1,0,0,0,0,0,0,0,0,29;33;36;28;45,NA,NA,171,0,0,2,2,0,0,1,1,1,0,0,45
2025,2,JAX,REG,CIN,24,42,271,3,2,1,-10,0,0,308,153,15,5.005488552,-4.982346514,0,27,139,0,1,0,6,1.500176879,0,24,41,271,3,0,0,308,153,15,5.674372816,0,0,37,2,24,6,19,0,3,15,9,3,73,12,0,0,0,0,1,1,0,0,0,6,55,5,2,19,4,101,2,2,0,0,42,1,0,1,0,1,0,0,0,0,0,0,0,0,42;25,NA,NA,67,0,0,3,3,0,0,1,0,0,0,0,0
2025,2,KC,REG,PHI,16,29,187,1,1,2,-14,0,0,309,68,7,-7.153565411,-5.841067639,0,26,121,1,1,0,9,-0.558193235,0,16,29,187,1,0,0,309,68,7,-3.537535088,0,0,37,0,30,5,11,0,1,4,3,0,0,4,0,0,0,0,1,1,0,0,0,6,45,4,2,42,4,95,1,2,1,0,56,0.5,0,0,0,0,1,0,0,0,0,0,1,0,56,58,NA,56,58,0,2,2,0,0,1,0,0,0,0,0
2025,2,LA,REG,TEN,23,33,298,2,1,1,-8,0,0,262,132,12,9.77997059,10.76535657,0,25,149,2,0,0,8,6.44117179,0,23,32,298,2,0,0,262,132,12,11.93945071,0,0,41,5,23,6,33,1,5,32,8,0,0,4,0,0,0,0,1,1,1,1,0,4,29,5,2,14,3,80,2,2,0,0,21,1,0,2,0,0,0,0,0,0,0,0,0,0,21;21,NA,NA,42,0,0,3,4,0,1,0.75,0,0,0,0,0
2025,2,LAC,REG,LV,19,27,242,2,0,2,-6,0,0,244,84,8,10.16812541,0.331745987,0,26,81,0,2,1,8,-15.54551153,0,19,27,242,2,0,0,244,84,8,12.58857825,0,0,38,3,23,6,45,0,3,30,5,3,8,15,0,0,0,0,1,3,0,0,0,6,33,3,1,7,3,80,2,2,0,0,38,1,0,1,1,0,0,0,0,0,0,0,0,0,38;20,NA,NA,58,0,0,2,2,0,0,1,0,0,0,0,0
2025,2,LV,REG,LAC,24,43,180,0,3,3,-30,0,0,291,145,8,-23.06792814,-15.25836545,0,19,68,0,0,0,5,-2.404483872,0,24,43,180,0,0,0,291,145,8,-15.40014485,0,0,34,4,24,8,20,0,2,6,3,0,0,6,0,0,0,0,1,1,1,1,0,5,47,5,1,15,4,91,3,3,0,0,54,1,0,0,1,1,1,0,0,0,0,0,0,0,54;40;37,NA,NA,131,0,0,0,0,0,0,NA,0,0,0,0,0
2025,2,MIA,REG,NE,26,32,315,2,1,5,-18,0,0,251,145,15,9.932129503,13.74564841,0,15,61,0,0,0,1,-1.098228146,0,26,32,315,2,0,0,251,145,15,16.37310736,0,1,32,2,32,4,25,0,3,19,3,0,0,2,0,0,0,0,0,0,0,0,0,10,65,5,2,93,6,128,2,2,0,0,44,1,0,0,0,2,0,0,0,0,0,0,0,0,40;44,NA,NA,84,0,0,3,3,0,0,1,0,0,0,0,0
2025,2,MIN,REG,ATL,11,21,158,0,2,6,-38,1,1,252,42,7,-17.96655729,-11.11029202,0,19,78,0,1,0,4,-2.743778312,0,11,21,158,0,0,0,252,42,7,-4.969427825,0,0,38,2,32,6,31,1,3,27,5,0,0,1,0,1,0,0,2,2,1,1,0,8,50,5,3,6,6,135,2,2,0,0,51,1,0,0,1,0,1,0,0,0,0,0,0,0,33;51,NA,NA,84,0,0,0,0,0,0,NA,0,0,0,0,0
2025,2,NE,REG,MIA,19,23,230,2,0,3,-19,0,0,134,129,9,14.99050015,13.99670023,0,29,122,1,0,0,9,3.237425229,1,19,23,230,2,0,0,134,129,9,19.50070774,0,1,39,3,19,6,22,0,5,18,5,1,20,2,0,0,0,0,1,2,0,0,0,12,75,4,1,8,6,171,2,2,0,0,53,1,0,1,0,0,1,0,0,0,0,0,0,0,22;53,NA,NA,75,0,0,1,3,2,0,0.333333333,0,0,0,0,0
2025,2,NO,REG,SF,25,34,207,3,0,3,-21,1,0,250,90,12,-2.823341654,3.78400324,0,30,121,0,0,0,6,2.259449507,0,25,34,207,3,1,1,250,90,12,-0.530684577,0,0,39,3,19,7,24,1,3,12,6,0,0,6,0,0,0,0,1,1,1,1,0,7,45,4,2,23,3,82,0,1,1,0,NA,0,0,0,0,0,0,0,0,0,0,1,0,0,NA,40,NA,0,40,0,3,3,0,0,1,0,0,0,0,0
2025,2,NYG,REG,DAL,30,41,450,3,1,3,-28,1,0,522,137,15,17.07344161,13.41648392,0,21,84,1,0,0,7,-2.664063727,0,30,40,450,3,0,0,522,137,15,23.39230741,0,0,63,0,24,8,24,0,3,18,7,1,0,9,0,0,0,0,0,0,0,0,0,14,160,6,3,38,6,161,3,3,0,0,38,1,0,0,3,0,0,0,0,0,0,0,0,0,38;33;33,NA,NA,104,0,0,4,4,0,0,1,0,0,0,0,0
2025,2,NYJ,REG,BUF,10,22,83,1,0,4,-29,1,0,172,23,5,-4.127607465,-17.09250098,0,21,100,0,1,1,5,-9.752684976,0,10,21,83,1,1,0,172,23,5,2.49117203,0,0,36,4,40,4,9,1,1,1,2,0,0,6,0,0,0,0,2,2,0,0,0,5,35,4,1,11,7,174,1,1,0,0,51,1,0,0,0,0,1,0,0,0,0,0,0,0,51,NA,NA,51,0,0,1,1,0,0,1,0,0,0,0,0
2025,2,PHI,REG,KC,15,22,101,0,0,2,-7,1,0,167,54,4,-4.859986056,4.396389212,0,34,122,2,0,0,9,2.435808102,0,15,21,101,0,0,0,167,54,4,-2.161066225,0,0,35,3,23,4,7,1,2,14,10,1,41,4,0,0,0,0,1,1,0,0,0,6,48,5,1,14,3,69,2,2,0,0,58,1,0,0,0,0,2,0,0,0,0,0,0,0,58;51,NA,NA,109,0,0,2,2,0,0,1,0,0,0,0,0
2025,2,PIT,REG,SEA,20,35,215,1,2,3,-20,0,0,186,147,6,-7.798906616,-4.566772042,1,21,72,0,0,0,6,-4.12840853,0,20,31,215,1,0,0,186,147,6,-1.718372572,1,0,44,3,25,6,28,0,2,17,8,2,43,6,0,0,0,0,0,0,0,0,0,2,15,3,0,0,4,78,3,3,0,0,48,1,0,0,0,3,0,0,0,0,0,0,0,0,48;48;45,NA,NA,141,0,0,0,0,0,0,NA,0,0,0,0,0
2025,2,SEA,REG,PIT,22,33,295,2,2,2,-17,0,0,265,130,13,2.854062096,7.034775615,0,29,117,1,0,0,8,1.898340106,0,22,30,295,2,0,0,265,130,13,8.618643854,0,1,35,5,23,2,14,0,3,20,8,2,28,5,0,0,0,0,0,0,0,0,0,2,10,3,2,30,5,133,1,2,1,0,54,0.5,0,0,0,0,1,0,0,0,1,0,0,0,54,36,NA,54,36,0,4,4,0,0,1,0,0,0,0,0
2025,2,SF,REG,NO,26,39,279,3,0,3,-12,1,1,254,135,15,2.688142357,-3.629630255,0,26,77,0,1,0,6,-3.458827505,0,26,38,279,3,0,0,254,135,15,11.62124259,0,0,43,3,31,7,35,2,3,21,5,0,0,3,0,0,0,0,1,1,1,1,0,5,40,4,1,1,2,47,2,2,0,0,46,1,0,0,0,2,0,0,0,0,0,0,0,0,44;46,NA,NA,90,0,0,2,3,1,0,0.666666667,0,0,0,0,0
2025,2,TB,REG,HOU,25,38,215,2,0,4,-24,1,0,304,129,12,-0.643385174,1.904237436,0,30,169,1,0,0,9,10.47179582,0,25,36,215,2,0,0,304,129,12,8.390001583,0,0,34,2,10,5,22,0,3,25,6,0,0,2,0,0,0,0,1,1,0,0,0,7,45,4,1,6,3,68,0,1,1,0,NA,0,0,0,0,0,0,0,0,0,1,0,0,0,NA,38,NA,0,38,0,2,2,0,0,1,0,0,0,0,0
2025,2,TEN,REG,LA,19,33,175,1,0,5,-32,1,1,215,80,10,-6.733974176,-4.793273537,0,26,109,0,0,0,7,-1.183518824,0,19,31,175,1,0,0,215,80,10,5.513757542,0,0,34,2,26,2,9,0,1,8,6,1,0,4,0,0,0,0,0,0,0,0,0,10,62,6,2,37,5,83,4,4,0,0,57,1,0,0,2,0,2,0,0,0,0,0,0,0,55;37;57;35,NA,NA,184,0,0,1,1,0,0,1,0,0,0,0,0
2025,2,WAS,REG,GB,24,42,200,2,0,4,-21,0,0,279,107,10,-9.158630192,-7.198357806,1,19,51,0,0,0,3,-2.615707644,0,24,40,200,2,0,0,279,107,10,-0.975448216,1,0,35,0,30,2,14,0,2,23,4,0,0,3,0,0,0,0,0,0,0,0,0,5,30,3,3,50,3,103,1,3,2,0,51,0.333333333,0,0,0,0,1,0,0,0,0,0,2,0,51,58;52,NA,51,110,0,1,1,0,0,1,0,0,0,0,0
2025,3,ARI,REG,SF,22,35,159,1,0,1,-5,0,0,177,92,8,-0.618613159,-2.625567948,0,28,106,0,1,0,7,-0.087964026,0,22,34,159,1,0,0,177,92,8,2.002655036,0,0,38,1,27,3,9,0,1,2,8,1,18,4,0,0,1,0,1,1,0,0,0,5,30,2,1,8,4,115,2,3,1,0,34,0.666666667,0,1,1,0,0,0,0,0,0,0,1,0,34;28,57,NA,62,57,0,1,1,0,0,1,0,0,0,0,0
2025,3,ATL,REG,CAR,23,43,201,0,2,0,0,0,0,306,111,11,-21.84813388,-11.81698914,0,23,131,0,1,1,6,-0.532478629,0,23,41,201,0,0,0,306,111,11,-20.45083062,0,0,34,2,24,4,10,0,1,7,3,0,0,2,0,0,0,0,0,0,1,1,0,3,23,4,2,0,5,58,0,2,2,0,NA,0,0,0,0,0,0,0,0,0,0,1,1,0,NA,49;55,NA,0,104,0,0,0,0,0,NA,0,0,0,0,0
2025,3,BAL,REG,DET,21,28,288,3,0,7,-55,1,0,284,101,14,10.56376224,11.69113591,0,19,85,1,1,1,4,-6.81125048,0,21,28,288,3,0,0,284,101,14,21.6496867,0,0,39,1,37,4,16,0,0,0,6,0,0,1,0,0,0,0,1,1,0,0,0,3,10,4,3,31,4,105,1,1,0,0,41,1,0,0,0,1,0,0,0,0,0,0,0,0,41,NA,NA,41,0,0,3,3,0,0,1,0,0,0,0,0
2025,3,BUF,REG,MIA,22,28,213,3,0,2,-10,0,0,111,160,12,10.64952216,7.680893938,0,27,157,1,1,0,9,5.155296268,0,22,27,213,3,0,0,111,160,12,12.43667898,0,0,40,0,20,5,15,0,0,0,1,1,24,3,0,1,0,0,2,3,0,0,0,3,35,5,2,15,3,95,1,2,1,0,48,0.5,0,0,0,1,0,0,0,0,1,0,0,0,48,39,NA,48,39,0,4,4,0,0,1,0,0,0,0,0
2025,3,CAR,REG,ATL,16,24,121,0,0,1,-7,0,0,133,76,7,-2.483794949,-1.299610361,0,30,110,2,0,0,8,2.000141392,0,16,24,121,0,0,0,133,76,7,-0.307905161,0,0,41,2,22,2,7,1,0,0,2,2,65,3,1,1,0,0,0,0,1,1,0,6,55,1,1,0,1,21,3,3,0,0,57,1,0,0,1,1,1,0,0,0,0,0,0,0,57;35;41,NA,NA,133,0,0,3,3,0,0,1,0,0,0,0,0
2025,3,CHI,REG,DAL,19,28,298,4,0,0,0,0,0,250,156,11,17.97957473,3.654600786,0,29,87,0,0,0,7,-1.385043961,0,19,28,298,4,0,0,250,156,11,17.97957473,0,0,43,5,29,2,17,1,2,17,7,3,0,6,0,0,0,0,0,0,1,1,0,6,41,0,2,31,2,41,1,1,0,0,30,1,0,0,1,0,0,0,0,0,0,0,0,0,30,NA,NA,30,0,0,4,4,0,0,1,0,0,0,0,0
2025,3,CIN,REG,MIN,19,27,140,1,2,4,-22,0,0,129,84,6,-19.30954548,0.361257448,0,21,53,0,2,1,3,-7.133781036,0,19,26,140,1,3,2,129,84,6,-25.62604195,0,0,40,1,31,3,10,1,3,19,5,0,0,1,0,0,0,0,2,2,0,0,0,4,45,4,1,9,7,149,1,1,0,0,45,1,0,0,0,1,0,0,0,0,0,0,0,0,45,NA,NA,45,0,0,1,1,0,0,1,0,0,0,0,0
2025,3,CLE,REG,GB,21,36,142,0,1,2,-17,0,0,254,68,7,-8.709798578,-3.435839442,0,19,96,1,0,0,5,0.683843077,0,21,33,142,0,0,0,254,68,7,-3.458036292,0,0,35,6,36,6,26,1,5,34,7,1,25,2,0,0,0,0,0,0,0,0,0,8,90,5,2,15,2,55,2,2,0,0,55,1,0,0,1,0,1,0,0,0,0,0,0,0,35;55,NA,NA,90,0,0,1,1,0,0,1,1,1,0,0,55
2025,3,DAL,REG,CHI,34,45,292,1,3,2,-17,0,0,268,117,14,-2.622585614,10.18194753,1,20,121,0,1,1,6,-0.064920672,0,34,44,292,1,0,0,268,117,14,1.762984279,1,0,36,1,23,4,20,0,0,0,1,0,0,3,0,0,0,0,0,0,0,0,0,4,25,6,2,28,4,93,2,2,0,0,53,1,0,0,1,0,1,0,0,0,0,0,0,0,53;33,NA,NA,86,0,0,0,0,0,0,NA,0,0,0,0,0
2025,3,DEN,REG,LAC,14,25,153,1,0,2,-6,0,0,269,84,5,-1.525532275,-8.01634335,0,21,118,1,0,0,3,-0.645614654,0,14,23,153,1,0,0,269,84,5,1.488642466,0,0,45,1,43,7,37,2,5,30,14,1,0,7,0,0,0,0,0,0,1,1,0,10,90,5,2,56,5,141,2,2,0,0,42,1,0,1,0,1,0,0,0,0,0,0,0,0,42;26,NA,NA,68,0,0,2,2,0,0,1,0,0,0,0,0
2025,3,DET,REG,BAL,20,28,202,1,0,0,0,0,0,211,69,11,14.24986636,12.97743561,0,38,224,4,1,0,13,9.481793926,0,20,26,202,1,0,0,211,69,11,14.76013988,0,0,41,0,14,6,40,2,7,55,7,0,0,2,0,0,0,0,1,2,1,1,0,8,68,5,1,0,4,110,1,2,1,0,45,0.5,0,0,0,1,0,0,0,0,0,0,0,1,45,67,NA,45,67,0,5,5,0,0,1,0,0,0,0,0
2025,3,GB,REG,CLE,18,25,183,1,1,5,-34,0,0,48,137,8,-0.942287221,-2.677371144,0,31,81,0,1,0,4,-3.799871799,0,18,25,183,1,0,0,48,137,8,8.132670764,0,0,30,4,28,5,24,0,2,17,10,1,0,3,0,0,0,0,1,1,0,0,0,14,75,6,2,8,3,78,1,2,0,1,39,0.5,0,0,1,0,0,0,0,0,0,0,0,0,39,NA,43,39,0,43,1,1,0,0,1,0,0,0,0,0
2025,3,HOU,REG,JAX,25,38,204,1,2,2,-20,0,0,288,91,8,-4.190346034,1.464213017,0,19,87,0,0,0,3,-3.382364438,0,25,36,204,1,1,1,288,91,8,-4.070450557,0,0,40,0,20,3,16,0,2,17,5,1,0,7,0,0,0,0,0,0,0,0,0,7,66,3,2,11,2,53,1,2,1,0,27,0.5,0,1,0,0,0,0,0,0,0,0,1,0,27,52,NA,27,52,0,1,1,0,0,1,0,0,0,0,0
2025,3,IND,REG,TEN,18,25,228,1,0,0,0,0,0,175,120,10,10.81864015,1.658691049,0,28,137,3,0,0,9,4.743311626,0,18,25,228,1,0,0,175,120,10,10.81864015,0,0,43,3,19,8,32,0,4,23,7,1,32,4,1,0,0,0,0,0,0,0,0,4,23,4,0,0,3,104,2,3,1,0,36,0.666666667,0,1,1,0,0,0,0,0,0,0,1,0,24;36,51,NA,60,51,0,5,5,0,0,1,0,0,0,0,0
2025,3,JAX,REG,HOU,20,40,222,0,1,2,-17,0,0,315,119,10,-9.546405789,-17.02903439,0,24,86,2,0,0,5,-1.065763392,0,20,38,222,0,0,0,315,119,10,-5.787896726,0,0,38,1,21,4,16,1,2,20,6,2,6,6,0,0,0,0,0,0,1,1,0,9,70,4,2,17,2,48,1,2,1,0,39,0.5,0,0,1,0,0,0,0,0,0,1,0,0,39,47,NA,39,47,0,2,2,0,0,1,0,0,0,0,0
2025,3,KC,REG,NYG,22,37,224,1,0,2,-23,2,0,319,112,13,8.230807111,-1.49373889,0,28,105,1,0,0,6,0.262292808,0,22,35,224,1,0,0,319,112,13,10.82447807,0,0,34,3,35,6,14,0,2,9,9,2,23,6,0,0,0,0,2,2,0,0,0,8,85,3,1,4,3,63,3,4,1,0,54,0.75,0,1,0,1,1,0,0,0,0,1,0,0,54;48;28,40,NA,130,40,0,1,2,1,0,0.5,0,0,0,0,0
2025,3,LA,REG,PHI,19,34,196,2,1,1,0,0,0,168,57,10,-2.479092506,-4.678381328,0,31,160,0,0,0,12,0.214972918,0,19,33,196,2,0,0,168,57,10,-0.583820117,0,0,36,2,28,7,38,1,4,24,4,0,0,6,0,0,0,0,0,0,1,1,0,4,41,3,4,53,5,115,4,6,0,2,51,0.666666667,0,1,1,1,1,0,0,0,0,0,0,0,51;28;33;46,NA,36;44,158,0,80,2,2,0,0,1,0,0,0,0,0
2025,3,LAC,REG,DEN,28,47,300,1,1,5,-30,0,0,429,135,17,-2.394982496,-4.15901396,0,28,106,1,0,0,6,-0.696607838,0,28,45,300,1,1,0,429,135,17,8.665200359,0,0,33,1,17,5,17,0,2,6,4,0,0,3,0,0,0,0,0,0,0,0,0,3,25,2,3,50,5,127,3,3,0,0,43,1,0,1,1,1,0,0,0,0,0,0,0,0,32;24;43,NA,NA,99,0,0,2,2,0,0,1,1,1,0,0,43
2025,3,LV,REG,WAS,19,29,289,3,0,5,-28,0,0,305,90,12,12.24070767,11.68126431,1,28,93,0,0,0,5,-9.361083445,0,19,27,289,3,0,0,305,90,12,20.10423172,1,0,37,4,24,6,15,1,1,8,3,0,0,2,0,0,0,0,0,0,1,1,0,6,54,5,2,10,5,110,1,1,0,0,37,1,0,0,1,0,0,0,0,0,0,0,0,0,37,NA,NA,37,0,0,1,1,0,0,1,0,0,0,0,0
2025,3,MIA,REG,BUF,22,34,146,2,1,0,0,0,0,204,117,11,0.147440838,-1.687311223,0,25,130,1,1,0,9,3.011543959,0,22,33,146,2,0,0,204,117,11,0.70928492,0,0,44,0,14,2,8,0,2,10,2,0,0,3,0,0,0,0,1,1,0,0,0,6,57,5,2,22,5,152,0,0,0,0,NA,NA,0,0,0,0,0,0,0,0,0,0,0,0,NA,NA,NA,0,0,0,3,3,0,0,1,0,0,0,0,0
2025,3,MIN,REG,CIN,16,24,202,2,0,3,-19,0,0,188,109,10,5.62056811,-1.781544089,0,31,169,2,1,0,11,1.400843159,0,16,24,202,2,0,0,188,109,10,10.3178878,0,0,40,5,17,7,29,5,4,22,9,2,87,5,1,0,0,0,1,1,3,3,1,13,105,2,5,68,3,84,2,2,0,0,62,1,0,0,1,0,0,1,0,0,0,0,0,0,35;62,NA,NA,97,0,0,6,6,0,0,1,0,0,0,0,0
2025,3,NE,REG,PIT,28,37,268,2,1,5,-18,1,1,207,109,13,1.412918993,7.905837976,0,29,119,0,3,3,10,-12.59282895,0,28,36,268,2,0,0,207,109,13,12.41235043,0,0,27,4,20,6,12,1,0,0,3,1,37,1,0,0,0,0,0,0,0,0,0,7,54,2,1,11,4,94,0,0,0,0,NA,NA,0,0,0,0,0,0,0,0,0,0,0,0,NA,NA,NA,0,0,0,2,2,0,0,1,0,0,0,0,0
2025,3,NO,REG,SEA,28,41,218,1,1,2,-13,0,0,347,102,12,-0.331401688,4.335025171,0,27,79,0,0,0,4,-8.00912174,0,28,41,218,1,0,0,347,102,12,0.412995739,0,0,31,4,32,3,4,1,0,0,2,0,0,2,0,0,0,0,0,0,1,1,0,11,77,3,1,40,8,182,2,3,1,0,27,0.666666667,0,2,0,0,0,0,0,0,0,0,1,0,27;23,52,NA,50,52,0,1,1,0,0,1,0,0,0,0,0
2025,3,NYG,REG,KC,18,32,160,0,2,2,-9,0,0,284,96,7,-14.81852498,-4.926895797,0,27,130,1,0,0,8,-0.422504971,0,18,30,160,0,0,0,284,96,7,-9.189381628,0,0,41,2,18,4,21,1,1,15,7,0,0,6,0,0,0,0,0,0,0,0,0,7,82,7,2,17,5,134,1,1,0,0,25,1,0,1,0,0,0,0,0,0,0,0,0,0,25,NA,NA,25,0,0,0,1,0,1,0,0,0,0,0,0
2025,3,NYJ,REG,TB,26,36,197,2,1,4,-29,1,1,161,106,13,-7.886901567,7.483880179,0,23,99,0,0,0,5,-3.538396943,0,26,35,197,2,0,0,161,106,13,-0.415703161,0,1,39,3,37,7,21,1,1,8,2,0,0,2,0,0,0,50,0,0,0,0,0,7,81,6,0,0,6,157,2,2,0,0,42,1,0,0,1,1,0,0,0,0,0,0,0,0,38;42,NA,NA,80,0,0,3,3,0,0,1,0,0,0,0,0
2025,3,PHI,REG,LA,21,32,226,3,0,4,-24,1,1,274,63,9,-0.21159856,5.956184169,0,27,86,1,0,0,8,1.259862583,0,21,30,226,3,0,0,274,63,9,11.58013072,0,1,40,2,32,2,3,0,1,0,7,1,0,4,0,0,0,61,0,0,0,0,0,5,50,3,0,0,5,55,0,0,0,0,NA,NA,0,0,0,0,0,0,0,0,0,0,0,0,NA,NA,NA,0,0,0,3,3,0,0,1,0,0,0,0,0
2025,3,PIT,REG,NE,16,23,139,2,1,0,0,0,0,114,107,6,0.193404949,4.534721104,0,26,64,1,0,0,7,-2.589741533,0,16,22,139,2,1,0,114,107,6,0.716829094,0,0,49,0,34,6,21,4,5,18,8,1,0,5,0,0,0,0,0,0,4,4,0,8,59,3,0,0,1,27,0,0,0,0,NA,NA,0,0,0,0,0,0,0,0,0,0,0,0,NA,NA,NA,0,0,0,3,3,0,0,1,0,0,0,0,0
2025,3,SEA,REG,NO,16,21,233,2,0,0,0,0,0,163,79,11,16.0740123,19.11948189,0,33,87,2,1,1,7,-8.591331416,0,16,20,233,2,0,0,163,79,11,16.8090758,0,1,51,2,24,4,13,0,2,13,8,1,0,7,0,0,0,0,0,0,0,0,0,8,70,1,3,114,2,92,3,3,0,0,56,1,0,0,1,1,1,0,0,0,0,0,0,0,56;46;37,NA,NA,139,0,0,5,5,0,0,1,0,0,0,0,0
2025,3,SF,REG,ARI,27,41,284,1,1,1,-2,0,0,309,101,14,1.502215132,3.255560602,0,20,73,0,0,0,6,-4.746350501,0,27,38,284,1,0,0,309,101,14,4.468624764,0,0,33,1,43,4,8,1,1,5,4,0,0,5,0,0,0,0,0,0,0,0,0,5,69,5,3,26,3,80,3,3,0,0,51,1,0,0,2,0,1,0,0,0,0,0,0,0,38;51;35,NA,NA,124,0,0,1,1,0,0,1,1,1,0,0,35
2025,3,TB,REG,NYJ,19,29,233,1,0,1,-8,1,0,232,139,12,8.269022357,1.171681902,0,34,122,0,0,0,5,-6.91463324,0,19,29,233,1,0,0,232,139,12,9.824077634,0,0,43,0,20,9,43,1,4,29,10,1,55,4,1,0,0,0,1,1,1,1,0,14,124,3,2,-1,5,124,5,6,0,1,55,0.833333333,0,1,2,0,2,0,0,0,0,0,0,0,54;33;28;55;36,NA,43,206,0,43,2,2,0,0,1,1,1,0,0,36
2025,3,TEN,REG,IND,23,38,219,1,1,4,-23,0,0,185,114,11,-12.52441089,-1.385486214,0,23,86,1,0,0,8,1.314796033,0,23,34,219,1,0,0,185,114,11,-2.184083974,0,0,32,1,19,0,0,0,0,0,2,0,0,3,0,0,0,0,0,0,0,0,0,8,68,1,0,0,6,162,2,4,1,1,57,0.5,0,0,0,1,1,0,0,0,0,0,0,1,57;42,64,62,99,64,62,2,2,0,0,1,0,0,0,0,0
2025,3,WAS,REG,LV,15,21,207,1,0,1,-8,0,0,158,113,7,10.78245009,14.57275897,0,32,201,3,1,1,8,4.011520362,0,15,18,207,1,0,0,158,113,7,15.54877918,0,1,41,2,26,8,35,0,5,28,9,0,0,4,0,0,0,0,0,0,0,0,0,7,54,5,5,127,3,118,2,3,1,0,56,0.666666667,0,0,0,1,1,0,0,0,1,0,0,0,46;56,37,NA,102,37,0,5,5,0,0,1,0,0,0,0,0
2025,4,ARI,REG,SEA,27,41,200,2,2,6,-36,0,0,238,125,13,-3.304399784,-4.957857504,0,17,89,0,0,0,2,-1.899037678,0,27,40,200,2,0,0,238,125,13,5.983421891,0,0,35,3,47,9,31,2,3,13,3,0,0,2,0,0,0,0,0,0,1,1,0,7,46,6,1,15,5,126,2,2,0,0,57,1,0,0,1,0,1,0,0,0,0,0,0,0,33;57,NA,NA,90,0,0,2,2,0,0,1,0,0,0,0,0
2025,4,ATL,REG,WAS,20,26,313,2,1,1,-6,0,0,274,134,14,18.2876763,11.4396501,0,37,128,2,1,0,9,-3.575240654,0,20,26,313,2,0,0,274,134,14,19.59426602,0,0,31,1,29,4,10,2,2,9,6,1,0,3,0,0,0,0,2,2,0,0,0,5,45,2,1,0,5,128,2,2,0,0,38,1,0,1,1,0,0,0,0,0,0,0,0,0,38;26,NA,NA,64,0,0,4,4,0,0,1,0,0,0,0,0
2025,4,BAL,REG,KC,23,33,199,1,1,3,-5,1,1,158,101,10,-11.06896401,6.868095597,0,17,166,1,0,0,7,7.755338997,0,23,30,199,1,0,0,158,101,10,3.574066242,0,0,41,0,32,2,7,0,1,6,3,0,0,2,0,0,0,0,0,0,0,0,0,6,56,3,0,0,7,164,2,2,0,0,43,1,0,0,1,1,0,0,0,0,0,0,0,0,43;32,NA,NA,75,0,0,2,2,0,0,1,0,0,0,0,0
2025,4,BUF,REG,NO,16,22,209,2,1,3,-18,0,0,224,123,10,4.917184796,9.253221276,0,32,165,2,0,0,10,3.626114361,0,16,22,209,2,0,0,224,123,10,8.641310457,0,0,47,1,21,5,22,1,3,17,4,1,4,2,0,0,0,0,0,0,0,0,0,11,55,6,1,6,4,95,1,1,0,0,35,1,0,0,1,0,0,0,0,0,0,0,0,0,35,NA,NA,35,0,0,4,4,0,0,1,0,0,0,0,0
2025,4,CAR,REG,NE,23,36,208,2,0,1,-11,0,0,199,130,11,0.97736291,4.047475755,0,28,129,0,0,0,8,-2.559469737,0,23,32,208,2,1,0,199,130,11,8.375273961,0,0,23,1,33,1,2,0,1,0,1,0,0,2,0,0,0,0,0,0,0,0,0,5,29,3,3,19,6,139,0,1,1,0,NA,0,0,0,0,0,0,0,0,0,0,0,1,0,NA,55,NA,0,55,0,1,2,1,0,0.5,0,0,0,0,0
2025,4,CHI,REG,LV,22,37,212,1,1,1,-10,0,0,246,99,10,-1.120958017,-11.36607619,0,26,69,1,2,0,7,-6.595607307,0,22,36,212,1,0,0,246,99,10,1.628647476,0,0,35,3,29,5,17,1,0,0,1,3,50,4,0,0,0,0,2,3,1,1,0,8,60,4,1,19,5,122,4,4,0,0,52,1,0,0,0,2,2,0,0,0,0,0,0,0,46;43;52;51,NA,NA,192,0,0,1,1,0,0,1,0,0,0,0,0
2025,4,CIN,REG,DEN,14,25,125,0,0,3,-19,0,0,200,68,3,-10.3546776,-4.895710132,0,15,53,0,0,0,3,-0.412646671,0,14,22,125,0,0,0,200,68,3,-3.418278133,0,0,42,1,45,1,2,0,0,0,1,1,0,2,0,0,0,0,0,0,0,0,0,11,65,1,1,16,2,48,1,1,0,0,26,1,0,1,0,0,0,0,0,0,0,0,0,0,26,NA,NA,26,0,0,0,0,0,0,NA,0,0,0,0,0
2025,4,CLE,REG,DET,16,35,184,0,2,3,-14,1,1,347,79,8,-21.16030394,-16.38901339,0,27,79,1,0,0,7,-2.074429684,0,16,34,184,0,0,0,347,79,8,-13.12435439,0,0,29,2,32,4,8,0,0,0,5,1,13,1,0,1,0,0,1,1,0,0,0,6,44,1,1,0,5,129,1,2,1,0,33,0.5,0,0,1,0,0,0,0,0,0,0,1,0,33,56,NA,33,56,0,1,1,0,0,1,0,0,0,0,0
2025,4,DAL,REG,GB,31,40,319,3,0,1,0,0,0,327,136,17,22.43088339,13.10121205,0,26,117,2,0,0,8,1.559512307,0,31,38,319,3,0,0,327,136,17,25.31448213,0,0,51,1,31,7,30,1,1,12,4,0,0,1,0,0,0,0,0,0,1,1,0,11,95,6,0,0,6,175,1,1,0,0,22,1,0,1,0,0,0,0,0,0,0,0,0,0,22,NA,NA,22,0,0,5,5,0,0,1,0,0,0,0,0
2025,4,DEN,REG,CIN,29,42,326,2,1,0,0,0,0,280,225,17,13.2797962,-2.154946114,0,38,186,2,0,0,13,3.948846878,0,29,42,326,2,0,0,280,225,17,13.2797962,0,0,23,0,22,2,13,0,3,19,6,0,0,2,0,0,0,0,0,0,0,0,0,7,72,4,3,24,2,58,0,0,0,0,NA,NA,0,0,0,0,0,0,0,0,0,0,0,0,NA,NA,NA,0,0,0,4,4,0,0,1,0,0,0,0,0
2025,4,DET,REG,CLE,16,27,168,2,1,0,0,0,0,313,76,8,-1.022109347,-0.491202712,0,29,109,1,0,0,6,-5.879154024,0,16,25,168,2,0,0,313,76,8,0.079800092,0,1,35,2,28,4,17,1,3,14,9,2,34,10,0,0,0,0,0,0,1,1,0,6,35,2,5,76,3,81,2,2,0,0,58,1,0,0,0,1,1,0,0,0,0,0,0,0,48;58,NA,NA,106,0,0,4,4,0,0,1,0,0,0,0,0
2025,4,GB,REG,DAL,31,43,337,3,0,1,-12,1,1,255,252,16,21.4509743,15.02423866,0,35,164,2,0,0,12,5.172739584,0,31,36,337,3,0,0,255,252,16,26.79269877,0,0,39,1,35,1,1,0,1,0,4,0,0,4,0,0,0,0,0,0,0,0,0,7,53,7,3,16,3,84,2,2,0,0,53,1,0,0,1,0,1,0,0,0,0,0,0,0,53;34,NA,NA,87,0,0,4,5,0,1,0.8,0,0,0,0,0
2025,4,HOU,REG,TEN,22,28,233,2,0,2,-9,0,0,182,109,9,8.211450432,8.142503245,0,35,129,1,0,0,10,1.686598423,0,22,28,233,2,0,0,182,109,9,10.40384114,0,0,26,0,20,6,23,0,2,15,7,1,20,7,0,0,0,0,0,0,0,0,0,6,50,2,3,15,1,26,2,3,1,0,47,0.666666667,0,0,0,2,0,0,0,0,0,0,1,0,47;43,54,NA,90,54,0,2,2,0,0,1,0,0,0,0,0
2025,4,IND,REG,LA,24,33,262,1,2,2,-14,1,0,313,127,12,4.14326818,7.550807577,0,21,85,1,0,0,5,-1.488443432,0,24,32,262,1,1,1,313,127,12,0.051795881,0,0,37,1,45,4,24,1,3,15,9,0,0,4,0,0,0,0,1,1,1,1,0,11,88,3,2,31,4,91,2,2,0,0,52,1,0,0,1,0,1,0,0,0,0,0,0,0,52;38,NA,NA,90,0,0,2,2,0,0,1,0,0,0,0,0
2025,4,JAX,REG,SF,21,31,174,1,0,0,0,0,0,196,61,8,5.532238849,0.936621626,0,32,151,1,0,0,9,-2.405964338,0,21,30,174,1,1,0,196,61,8,5.348803942,0,1,32,2,32,3,5,3,1,3,3,2,8,4,0,0,0,0,1,1,2,2,0,12,90,3,1,87,4,103,2,3,1,0,44,0.666666667,0,1,0,1,0,0,0,0,0,1,0,0,26;44,47,NA,70,47,0,2,2,0,0,1,0,0,0,0,0
2025,4,KC,REG,BAL,25,37,270,4,0,1,-6,0,0,259,158,15,16.18895837,5.857575876,0,32,118,0,0,0,9,-0.507870009,0,25,35,270,4,0,0,259,158,15,18.77702468,0,0,41,1,11,3,6,0,2,5,8,1,0,4,0,0,0,0,0,0,1,1,0,5,40,4,1,15,4,132,3,4,1,0,38,0.75,0,1,2,0,0,0,0,0,0,0,1,0,38;23;31,56,NA,92,56,0,4,4,0,0,1,0,0,0,0,0
2025,4,LA,REG,IND,29,41,375,3,0,3,-15,0,0,342,155,15,14.29376421,5.447497591,0,26,102,0,1,1,7,-11.33595476,0,29,40,375,3,0,0,342,155,15,18.30729529,0,0,32,2,30,4,22,1,2,14,7,2,0,5,0,0,0,0,0,0,0,0,0,7,63,4,1,0,5,122,2,2,0,0,42,1,0,0,1,1,0,0,0,0,0,0,0,0,42;37,NA,NA,79,0,0,3,3,0,0,1,0,0,0,0,0
2025,4,LAC,REG,NYG,23,41,203,1,2,2,-17,0,0,265,81,8,-21.12179652,-5.677072469,0,13,152,1,0,0,6,11.60186299,1,23,38,203,1,0,0,265,81,8,-15.67053256,0,0,44,3,43,8,30,1,6,30,9,0,0,2,0,0,0,0,0,0,0,0,0,14,107,4,4,25,3,73,1,1,0,0,43,1,0,0,0,1,0,0,0,0,0,0,0,0,43,NA,NA,43,0,0,1,1,0,0,1,0,0,0,0,0
2025,4,LV,REG,CHI,14,21,117,2,3,0,0,0,0,97,92,6,-9.613629263,-3.583191335,0,31,240,1,1,1,11,-0.381613337,0,14,20,117,2,0,0,97,92,6,-9.602183524,0,0,39,0,28,8,33,1,1,10,2,1,19,6,0,0,0,0,0,0,0,0,0,5,36,5,1,7,7,190,1,2,0,1,29,0.5,0,1,0,0,0,0,0,0,0,0,0,0,29,NA,54,29,0,54,3,3,0,0,1,0,1,0,1,54
2025,4,MIA,REG,NYJ,17,25,177,2,0,0,0,0,0,137,90,12,10.3779439,-1.699159384,0,31,123,1,2,0,7,-3.115480174,0,17,25,177,2,0,0,137,90,12,10.3779439,0,0,42,1,19,5,22,3,2,19,3,0,0,3,0,0,0,0,2,3,3,3,0,6,40,5,0,0,3,96,2,2,0,0,47,1,0,0,1,1,0,0,0,0,0,0,0,0,47;36,NA,NA,83,0,0,3,3,0,0,1,0,0,0,0,0
2025,4,MIN,REG,PIT,30,46,350,2,2,6,-48,1,0,335,160,15,3.174312227,5.204265884,1,20,70,0,1,0,6,-0.059436,0,30,42,350,2,0,0,335,160,15,13.53601763,1,0,37,0,32,4,21,1,2,18,3,0,0,0,0,0,0,0,1,1,0,0,0,8,82,6,2,13,5,124,2,2,0,0,41,1,0,1,0,1,0,0,0,0,0,0,0,0,41;28,NA,NA,69,0,0,1,1,0,0,1,0,0,0,0,0
2025,4,NE,REG,CAR,14,18,203,2,0,1,0,0,0,151,110,8,18.42100376,15.8898443,0,29,104,3,0,0,8,-0.778808911,0,14,17,203,2,0,0,151,110,8,19.93537143,0,1,41,2,32,5,16,1,1,11,4,0,0,2,0,0,0,0,0,0,0,0,0,7,54,2,3,167,2,48,0,0,0,0,NA,NA,0,0,0,0,0,0,0,0,0,0,0,0,NA,NA,NA,0,0,0,6,6,0,0,1,0,0,0,0,0
2025,4,NO,REG,BUF,18,28,126,1,1,3,-17,1,0,124,43,7,-12.00507238,4.608005762,0,34,189,1,0,0,14,5.82719937,0,18,25,126,1,0,0,124,43,7,-4.603186377,0,0,41,3,15,5,20,0,3,18,7,1,0,4,0,0,0,0,1,1,0,0,0,4,41,5,1,10,5,134,2,2,0,0,54,1,0,0,1,0,1,0,0,0,0,0,0,0,54;35,NA,NA,89,0,0,1,1,0,0,1,0,0,0,0,0
2025,4,NYG,REG,LAC,14,21,119,1,0,6,-30,1,0,122,79,6,-6.705527484,0.183735192,0,42,161,1,1,0,12,-3.46593055,1,14,20,119,1,0,0,122,79,6,2.626701304,0,0,34,1,17,4,22,0,2,17,12,2,93,7,0,0,0,0,2,3,0,0,0,8,43,5,2,14,4,107,2,2,0,0,31,1,0,1,1,0,0,0,0,0,0,0,0,0,22;31,NA,NA,53,0,0,1,1,0,0,1,0,0,0,0,0
2025,4,NYJ,REG,MIA,20,27,226,1,0,2,-19,1,1,205,86,12,5.608728678,5.086048665,0,28,197,1,1,1,9,3.603913395,1,20,27,226,1,0,0,205,86,12,10.40488467,0,0,31,1,33,2,5,1,0,0,0,0,0,3,0,0,0,0,0,0,0,0,0,13,101,5,1,18,5,162,2,2,0,0,58,1,0,0,0,0,2,0,0,0,0,0,0,0,58;50,NA,NA,108,0,0,1,1,0,0,1,0,0,0,0,0
2025,4,PHI,REG,TB,15,24,130,2,0,2,-18,0,0,167,82,10,-1.292864049,-4.997034619,0,32,88,1,1,0,6,-2.992559435,0,15,24,130,2,0,0,167,82,10,2.193482168,0,1,46,1,23,4,19,2,2,17,1,1,0,13,0,0,0,35,1,2,1,1,0,8,83,4,1,3,5,148,1,1,0,0,39,1,0,0,1,0,0,0,0,0,0,0,0,0,39,NA,NA,39,0,0,4,4,0,0,1,0,0,0,0,0
2025,4,PIT,REG,MIN,18,22,200,1,0,2,-18,0,0,73,146,6,3.79973276,9.590836953,0,29,131,2,1,0,11,4.948146643,0,18,22,200,1,0,0,73,146,6,6.915883548,0,0,47,0,28,10,43,2,6,48,14,2,9,8,0,0,0,0,1,1,0,0,0,5,35,4,2,9,4,100,1,2,0,1,33,0.5,0,0,1,0,0,0,0,0,0,0,0,0,33,NA,30,33,0,30,3,3,0,0,1,0,0,0,0,0
2025,4,SEA,REG,ARI,18,26,242,1,0,3,-13,1,0,237,97,11,9.921365311,6.929043805,0,35,155,1,0,0,8,-6.383653187,0,18,24,242,1,0,0,237,97,11,14.11782769,0,0,41,0,26,5,30,0,6,36,7,2,44,8,0,1,0,0,1,1,0,0,0,6,74,5,2,10,4,103,3,4,1,0,52,0.75,0,0,1,1,1,0,0,0,0,0,1,0,44;31;52,53,NA,127,53,0,2,2,0,0,1,1,1,0,0,52
2025,4,SF,REG,JAX,22,38,309,2,2,1,-3,1,1,306,138,17,3.371967636,-8.329106666,1,24,83,0,0,0,3,-2.641335868,0,22,37,309,2,2,1,306,138,17,3.530008453,1,0,38,2,26,6,8,1,0,0,0,0,0,2,0,0,0,0,1,1,0,0,0,5,54,5,1,16,3,80,2,2,0,0,26,1,0,2,0,0,0,0,0,0,0,0,0,0,26;23,NA,NA,49,0,0,1,1,0,0,1,0,0,0,0,0
2025,4,TB,REG,PHI,22,40,289,2,1,2,-17,1,0,319,199,7,-5.439326392,-10.17191662,0,26,104,0,1,1,5,-4.505528443,0,22,39,289,2,0,0,319,199,7,-2.439054126,0,0,43,2,16,11,84,1,2,18,3,0,0,5,0,0,1,0,1,1,0,0,0,5,40,6,6,100,5,96,3,3,0,0,65,1,0,0,0,1,1,1,0,0,0,0,0,0,42;65;58,NA,NA,165,0,0,2,2,0,0,1,0,0,0,0,0
2025,4,TEN,REG,HOU,10,26,108,0,1,2,-15,0,0,190,41,5,-16.60359527,-24.49821519,0,18,82,0,0,0,3,1.158733214,0,10,23,108,0,0,0,190,41,5,-11.81270136,0,0,40,7,33,6,17,0,2,9,5,0,0,1,0,0,0,0,0,0,0,0,0,4,35,3,0,0,6,141,0,2,2,0,NA,0,0,0,0,0,0,0,0,0,0,2,0,0,NA,41;43,NA,0,84,0,0,0,0,0,NA,0,0,0,0,0
2025,4,WAS,REG,ATL,16,27,156,2,1,2,-9,0,0,286,23,9,-0.046404255,3.143208101,1,22,147,0,0,0,7,4.784208872,0,16,24,156,2,2,0,286,23,9,5.750913911,1,0,31,4,42,7,27,2,1,6,2,1,23,1,0,2,0,0,3,3,0,0,0,6,50,4,2,0,6,199,4,4,0,0,52,1,0,0,0,3,1,0,0,0,0,0,0,0,43;52;41;42,NA,NA,178,0,0,1,1,0,0,1,0,0,0,0,0
2025,5,ARI,REG,TEN,23,32,220,0,0,3,-28,0,0,209,115,8,1.199904831,5.623544057,0,29,168,3,2,2,10,-5.95288748,0,23,30,220,0,0,0,209,115,8,8.775004187,0,0,36,0,22,4,19,1,2,16,4,1,0,8,0,1,0,0,0,1,1,1,0,8,47,4,2,16,4,90,0,0,0,0,NA,NA,0,0,0,0,0,0,0,0,0,0,0,0,NA,NA,NA,0,0,0,3,3,0,0,1,0,0,0,0,0
2025,5,BAL,REG,HOU,14,20,179,0,3,1,-16,0,0,163,83,7,-7.894956492,-0.317712277,0,19,44,1,0,0,4,-5.534755662,0,14,20,179,0,0,0,163,83,7,-5.518748425,0,0,36,3,43,5,22,0,2,17,4,0,0,0,0,0,0,0,0,0,0,0,0,9,49,3,1,16,8,186,1,2,1,0,27,0.5,0,1,0,0,0,0,0,0,0,0,1,0,27,55,NA,27,55,0,1,1,0,0,1,0,0,0,0,0
2025,5,BUF,REG,NE,22,31,253,2,1,1,-8,0,0,246,99,16,10.64589825,5.940981756,0,29,118,0,1,1,6,-3.983077863,0,22,30,253,2,1,1,246,99,16,8.26993634,0,0,44,1,13,6,9,2,4,6,8,0,0,1,0,0,0,0,0,1,1,1,0,11,90,6,0,0,5,127,2,2,0,0,45,1,0,0,1,1,0,0,0,0,0,0,0,0,31;45,NA,NA,76,0,0,2,2,0,0,1,0,0,0,0,0
2025,5,CAR,REG,MIA,19,30,198,2,1,3,-19,1,1,244,73,12,-1.304839584,8.688226232,0,32,239,1,0,0,8,10.93381838,0,19,27,198,2,0,0,244,73,12,10.22158512,0,0,37,2,26,9,42,0,3,27,3,0,0,1,0,0,0,0,0,0,0,0,0,8,46,4,0,0,5,113,2,2,0,0,49,1,0,0,1,1,0,0,0,0,0,0,0,0,35;49,NA,NA,84,0,0,3,3,0,0,1,0,0,0,0,0
2025,5,CIN,REG,DET,26,40,251,3,3,2,-14,1,0,339,93,12,-8.766111447,0.007850751,0,16,85,0,0,0,4,1.802048584,0,26,40,251,3,1,0,339,93,12,-5.341994788,0,0,33,3,45,6,20,1,4,14,7,0,0,1,0,0,0,0,2,2,1,1,0,6,30,4,1,6,6,154,1,1,0,0,50,1,0,0,0,0,1,0,0,0,0,0,0,0,50,NA,NA,50,0,0,3,3,0,0,1,0,0,0,0,0
2025,5,CLE,REG,MIN,19,33,190,2,0,2,-8,0,0,208,103,9,-2.279850285,-6.815527845,0,32,140,0,0,0,9,1.464465094,0,19,32,190,2,0,0,208,103,9,0.520775877,0,0,33,3,39,6,24,2,3,16,3,0,0,3,0,0,0,0,0,0,2,2,0,10,78,6,3,31,3,78,1,1,0,0,31,1,0,0,1,0,0,0,0,0,0,0,0,0,31,NA,NA,31,0,0,2,2,0,0,1,0,0,0,0,0
2025,5,DAL,REG,NYJ,18,29,237,4,0,1,-1,0,0,232,126,12,11.84872979,-0.613883244,0,29,180,1,0,0,9,6.831910461,0,18,28,237,4,0,0,232,126,12,13.18943651,0,0,46,1,37,6,50,1,5,49,14,0,0,3,0,0,0,0,0,0,1,1,0,11,91,5,1,8,1,32,1,1,0,0,35,1,0,0,1,0,0,0,0,0,0,0,0,0,35,NA,NA,35,0,0,4,5,1,0,0.8,0,0,0,0,0
2025,5,DEN,REG,PHI,24,39,242,1,0,2,-14,0,0,318,122,12,4.242067023,0.775728499,1,29,130,1,0,0,8,0.836336258,0,24,36,242,1,0,0,318,122,12,10.39078033,1,0,35,0,16,5,21,0,6,23,8,0,0,9,0,0,0,0,0,0,0,0,0,12,121,5,4,42,4,83,2,2,0,0,55,1,0,0,1,0,1,0,0,0,0,0,0,0,55;36,NA,NA,91,0,0,1,1,0,0,1,0,0,0,0,0
2025,5,DET,REG,CIN,20,24,261,4,0,4,-14,1,1,106,172,15,13.01289663,17.3934864,0,33,118,1,0,0,7,-3.777595158,0,20,23,261,4,0,0,106,172,15,24.13890189,0,0,32,2,28,5,21,2,2,14,9,3,17,11,0,0,1,0,0,0,0,0,0,8,56,1,1,11,3,87,0,0,0,0,NA,NA,0,0,0,0,0,0,0,0,0,0,0,0,NA,NA,NA,0,0,0,5,5,0,0,1,0,0,0,0,0
2025,5,HOU,REG,BAL,25,31,267,4,0,2,-17,0,0,259,77,15,18.97681926,16.18174257,0,33,167,1,0,0,8,3.071626756,0,25,31,267,4,0,0,259,77,15,23.09963263,0,0,28,1,27,3,20,0,1,16,2,3,20,4,0,0,0,0,0,0,0,0,0,4,26,1,1,12,2,58,3,3,0,0,57,1,0,0,1,0,2,0,0,0,0,0,0,0,50;57;34,NA,NA,141,0,0,5,5,0,0,1,0,0,0,0,0
2025,5,IND,REG,LV,21,32,221,2,0,0,0,0,0,267,72,12,10.6825964,-1.610307828,0,25,96,4,0,0,10,6.204235797,1,21,31,221,2,0,0,267,72,12,11.14792379,0,0,40,1,37,6,40,0,4,38,5,2,32,8,0,0,0,0,1,1,0,0,0,9,77,3,0,0,3,74,0,0,0,0,NA,NA,0,0,0,0,0,0,0,0,0,0,0,0,NA,NA,NA,0,0,0,2,2,0,0,1,0,0,0,0,0
2025,5,JAX,REG,KC,18,25,221,1,1,3,-11,0,0,209,101,8,-0.743914398,8.061216116,0,26,109,2,1,1,10,2.271797685,0,18,25,221,1,0,0,209,101,8,0.851858932,0,0,40,0,28,1,6,0,0,0,4,1,99,6,1,0,0,0,0,0,0,0,0,4,25,5,1,-1,4,117,1,1,0,0,52,1,0,0,0,0,1,0,0,0,0,0,0,0,52,NA,NA,52,0,0,4,4,0,0,1,0,0,0,0,0
2025,5,KC,REG,JAX,29,41,318,1,1,0,0,0,0,401,152,15,2.664317194,6.204959229,0,22,158,3,0,0,13,9.242397008,0,29,40,318,1,0,0,401,152,15,3.062026435,0,0,31,1,33,5,13,1,3,11,8,1,2,5,0,0,0,0,0,0,1,1,0,13,109,3,2,2,5,130,0,0,0,0,NA,NA,0,0,0,0,0,0,0,0,0,0,0,0,NA,NA,NA,0,0,0,4,4,0,0,1,0,0,0,0,0
2025,5,LA,REG,SF,30,47,389,3,0,1,-11,0,0,528,120,18,15.07245318,-3.267500776,0,16,78,0,2,2,6,-10.65932892,0,30,46,389,3,0,0,528,120,18,17.33671341,0,0,47,4,38,3,5,0,1,9,10,0,0,5,0,0,0,0,0,1,0,0,0,5,36,6,3,21,5,122,1,2,1,0,48,0.5,0,0,0,1,0,0,0,0,0,0,1,0,48,53,NA,48,53,0,2,3,0,1,0.666666667,0,0,0,0,0
2025,5,LAC,REG,WAS,25,33,210,1,1,5,-29,0,0,127,125,11,-7.545358091,5.73750902,0,27,155,0,0,0,6,4.389786463,0,25,32,210,1,1,1,127,125,11,-5.596398414,0,0,31,1,27,6,18,1,1,5,1,0,0,2,0,0,0,0,0,0,1,1,0,10,85,5,0,0,4,88,1,1,0,0,55,1,0,0,0,0,1,0,0,0,0,0,0,0,55,NA,NA,55,0,0,1,1,0,0,1,0,0,0,0,0
2025,5,LV,REG,IND,25,36,228,0,2,4,-38,0,0,244,121,12,-10.90344679,-0.314445462,0,25,106,0,0,0,6,-2.929137638,0,25,36,228,0,0,0,244,121,12,-2.541284264,0,0,34,2,18,2,3,0,0,0,3,0,0,3,0,0,0,0,0,0,0,0,0,6,65,3,1,8,4,100,2,3,1,0,37,0.666666667,0,1,1,0,0,0,0,0,0,0,1,0,24;37,57,NA,61,57,0,0,0,0,0,NA,0,0,0,0,0
2025,5,MIA,REG,CAR,27,36,256,3,0,3,-27,0,0,287,76,13,11.48519129,14.81027743,0,14,19,0,0,0,2,-6.435699418,0,27,34,256,3,0,0,287,76,13,16.39373162,0,0,33,3,37,3,20,1,3,19,8,1,7,2,0,0,0,0,0,0,1,1,0,9,64,4,3,29,5,122,1,1,0,0,43,1,0,0,0,1,0,0,0,0,0,0,0,0,43,NA,NA,43,0,0,3,3,0,0,1,0,0,0,0,0
2025,5,MIN,REG,CLE,26,35,268,2,0,3,-16,0,0,252,137,14,11.95972098,7.974851307,0,23,97,1,2,2,5,-9.770947939,0,26,34,268,2,0,0,252,137,14,16.77348878,0,0,34,1,45,5,16,0,2,8,3,0,0,5,0,0,0,0,0,0,0,0,0,7,50,5,3,15,4,102,0,1,1,0,NA,0,0,0,0,0,0,0,0,0,0,0,1,0,NA,51,NA,0,51,0,3,3,0,0,1,0,0,0,0,0
2025,5,NE,REG,BUF,22,30,273,0,0,4,-6,0,0,213,100,13,9.731839578,13.75612138,0,22,71,2,0,0,5,-0.910297992,0,22,28,273,0,1,1,213,100,13,9.758526722,0,0,38,1,31,2,7,1,1,8,5,1,0,3,0,0,0,0,1,1,2,2,0,8,93,4,1,0,5,112,3,3,0,0,52,1,1,0,1,0,1,0,0,0,0,0,0,0,30;19;52,NA,NA,101,0,0,2,2,0,0,1,1,1,0,0,52
2025,5,NO,REG,NYG,22,32,244,1,0,0,0,0,0,240,96,10,9.309715548,-1.428296874,0,30,88,0,0,0,5,-6.356846122,0,22,31,244,1,0,0,240,96,10,8.92471077,0,0,44,1,27,2,4,2,0,0,5,2,0,7,0,0,0,0,0,0,3,3,1,7,43,6,0,0,2,27,4,6,2,0,53,0.666666667,0,3,0,0,1,0,0,0,0,1,1,0,28;53;29;28,52;46,NA,138,98,0,2,2,0,0,1,0,0,0,0,0
2025,5,NYG,REG,NO,26,40,202,2,2,1,-3,1,1,328,138,10,-12.64855514,-1.743929317,0,29,136,0,1,1,11,-1.915514319,0,26,39,202,2,1,1,328,138,10,-12.11724883,0,0,42,1,23,7,14,0,0,0,1,0,0,3,0,0,0,0,0,0,0,0,0,8,95,6,0,0,5,160,0,0,0,0,NA,NA,0,0,0,0,0,0,0,0,0,0,0,0,NA,NA,NA,0,0,0,2,2,0,0,1,0,0,0,0,0
2025,5,NYJ,REG,DAL,32,46,283,2,0,5,-49,0,0,308,110,14,3.908267046,5.117593841,2,22,144,0,1,1,9,-3.494672118,0,32,44,283,2,0,0,308,110,14,14.01473287,2,0,33,1,17,3,3,0,1,1,3,0,0,4,0,0,0,0,0,0,0,0,0,10,61,5,4,41,6,155,2,2,0,0,48,1,0,1,0,1,0,0,0,0,0,0,0,0,25;48,NA,NA,73,0,0,0,0,0,0,NA,0,0,0,0,0
2025,5,PHI,REG,DEN,23,38,280,2,0,6,-23,0,0,416,117,11,0.50497753,-2.262644268,0,11,45,0,0,0,2,-0.33427152,0,23,37,280,2,0,0,416,117,11,8.996224171,0,0,45,2,30,5,22,0,2,14,8,0,0,2,0,0,0,0,0,0,0,0,0,9,55,5,1,15,5,130,1,1,0,0,31,1,0,0,1,0,0,0,0,0,0,0,0,0,31,NA,NA,31,0,0,2,2,0,0,1,0,0,0,0,0
2025,5,SEA,REG,TB,28,34,341,4,1,0,0,0,0,275,104,18,23.41312001,16.3023123,0,20,122,1,1,1,7,-1.508419765,0,28,34,341,4,0,0,275,104,18,23.41312001,0,0,39,3,29,6,22,0,1,9,2,0,0,2,0,0,0,0,0,1,0,0,0,7,56,5,0,0,7,196,0,1,1,0,NA,0,0,0,0,0,0,0,0,0,0,1,0,0,NA,44,NA,0,44,0,5,5,0,0,1,0,0,0,0,0
2025,5,SF,REG,LA,33,49,342,2,0,1,-9,0,0,290,179,19,14.00177889,-0.909361616,0,33,74,0,0,0,6,-3.754621371,0,33,48,342,2,0,0,290,179,19,15.87880703,0,0,33,0,32,1,11,1,1,11,2,0,0,4,0,0,0,0,0,0,2,2,0,8,44,7,1,0,4,73,4,4,0,0,59,1,0,1,1,1,1,0,0,0,0,0,0,0,37;20;59;41,NA,NA,157,0,0,2,2,0,0,1,1,1,0,0,41
2025,5,TB,REG,SEA,29,33,379,2,0,1,-9,0,0,257,202,17,25.98069025,20.44649674,1,24,56,2,0,0,6,-3.09069226,0,29,32,379,2,0,0,257,202,17,28.31272478,1,0,31,1,31,1,2,0,0,0,2,1,3,6,0,0,0,0,0,0,1,1,0,4,37,2,0,0,5,129,3,3,0,0,39,1,0,0,3,0,0,0,0,0,0,0,0,0,30;36;39,NA,NA,105,0,0,3,3,0,0,1,1,1,0,0,39
2025,5,TEN,REG,ARI,21,39,265,0,1,2,-16,0,0,421,81,12,1.597718604,-9.621611318,0,24,78,1,1,1,6,-6.611232319,0,21,37,265,0,0,0,421,81,12,6.980010544,0,0,40,3,29,4,22,0,3,28,6,0,0,2,0,0,0,0,0,0,2,2,1,6,35,4,3,33,4,136,3,3,0,0,51,1,0,1,0,1,1,0,0,0,0,0,0,0,44;51;29,NA,NA,124,0,0,1,2,1,0,0.5,1,1,0,0,29
2025,5,WAS,REG,LAC,15,26,231,1,0,1,-5,0,0,239,110,9,14.00638608,-0.753294774,0,28,163,2,1,1,9,0.000403295,0,15,23,231,1,0,0,239,110,9,15.06297196,0,0,44,0,30,6,33,1,5,29,9,1,0,4,0,0,0,0,0,0,1,1,0,7,48,6,0,0,3,92,2,2,0,0,36,1,0,1,1,0,0,0,0,0,0,0,0,0,29;36,NA,NA,65,0,0,3,3,0,0,1,0,0,0,0,0
2025,6,ARI,REG,IND,27,44,320,2,1,2,-8,0,0,391,129,17,6.25809431,4.625235918,0,24,88,1,0,0,8,0.03302102,0,27,39,320,2,0,0,391,129,17,11.49676952,0,0,36,1,29,3,12,0,1,7,6,1,9,4,0,0,0,0,0,0,0,0,0,7,65,5,1,12,4,114,2,2,0,0,44,1,0,0,0,2,0,0,0,0,0,0,0,0,40;44,NA,NA,84,0,0,3,3,0,0,1,0,0,0,0,0
2025,6,ATL,REG,BUF,20,32,250,1,0,2,-17,0,0,232,140,10,-0.419269831,-6.361269759,0,32,210,2,0,0,9,4.761006108,0,20,31,250,1,0,0,232,140,10,3.163724944,0,0,32,1,31,3,27,1,4,23,6,2,6,9,0,0,0,0,0,0,0,0,0,6,35,1,1,10,3,63,1,2,0,1,33,0.5,0,0,1,0,0,0,0,0,0,0,0,0,33,NA,37,33,0,37,3,3,0,0,1,0,0,0,0,0
2025,6,BAL,REG,LA,21,34,140,0,1,4,-23,0,0,218,63,6,-12.35919346,-0.925234938,0,37,179,0,1,1,13,-6.104339907,0,21,32,140,0,2,1,218,63,6,-11.41178345,0,0,28,2,24,4,18,1,2,14,3,0,0,2,0,0,0,0,1,2,1,1,0,7,80,6,1,35,3,61,1,1,0,0,37,1,0,0,1,0,0,0,0,0,0,0,0,0,37,NA,NA,37,0,0,0,0,0,0,NA,0,0,0,0,0
2025,6,BUF,REG,ATL,15,26,180,2,2,4,-23,0,0,287,56,8,-7.167852377,-7.890548385,0,24,134,0,2,0,8,0.748086495,0,15,26,180,2,0,0,287,56,8,-2.172806765,0,0,39,3,27,9,31,0,2,17,4,0,0,5,0,0,0,0,1,2,0,0,0,8,64,6,3,21,5,114,0,0,0,0,NA,NA,0,0,0,0,0,0,0,0,0,0,0,0,NA,NA,NA,0,0,0,2,2,0,0,1,0,0,0,0,0
2025,6,CAR,REG,DAL,17,25,199,3,1,1,-5,0,0,154,98,11,2.20137639,13.68887141,0,38,216,0,0,0,14,6.731486253,0,17,21,199,3,1,0,154,99,11,6.205585303,0,0,37,2,16,5,17,0,0,0,2,0,0,4,0,0,0,0,2,2,0,0,0,6,57,4,1,0,2,40,3,3,0,0,55,1,0,0,2,0,1,0,0,0,0,0,0,0,31;55;33,NA,NA,119,0,0,3,3,0,0,1,1,1,0,0,33
2025,6,CHI,REG,WAS,17,29,252,1,0,3,-16,0,0,246,194,10,3.275814118,-8.219391313,0,27,145,1,0,0,8,5.895976407,0,17,29,252,1,0,0,246,194,10,6.761035665,0,0,32,2,40,3,6,1,3,6,3,1,32,3,0,0,0,0,0,0,2,2,0,9,84,5,0,0,5,120,4,5,0,1,48,0.8,0,0,1,3,0,0,0,0,0,0,0,0,47;48;41;38,NA,48,174,0,48,1,1,0,0,1,1,1,0,0,38
2025,6,CIN,REG,GB,29,45,219,2,0,1,-6,0,0,269,93,12,6.496397113,4.669453986,1,16,55,0,0,0,5,-0.838455435,0,29,40,219,2,0,0,269,93,12,9.596806323,1,0,42,0,28,4,10,0,1,3,4,1,25,6,0,0,0,0,0,0,0,0,0,3,17,5,1,13,4,90,1,3,2,0,45,0.333333333,0,0,0,1,0,0,0,0,0,0,1,1,45,67;56,NA,45,123,0,1,1,0,0,1,0,0,0,0,0
2025,6,CLE,REG,PIT,29,52,221,0,0,6,-38,0,0,314,105,10,-13.87761621,-10.22354411,0,17,65,0,0,0,7,-0.024536368,0,29,51,221,0,0,0,314,105,10,-3.890407582,0,0,33,4,30,6,15,1,0,0,3,0,0,3,0,0,0,0,0,0,0,0,0,6,44,7,1,9,6,146,3,3,0,0,53,1,0,0,2,0,1,0,0,0,0,0,0,0,31;53;32,NA,NA,116,0,0,0,0,0,0,NA,0,0,0,0,0
2025,6,DAL,REG,CAR,25,34,261,3,0,0,0,0,0,189,136,12,17.74534857,7.128864264,0,19,31,0,1,0,2,-8.405534748,0,25,34,261,3,0,0,189,136,12,17.74534857,0,0,41,0,26,2,14,2,1,5,5,1,21,1,0,1,0,0,2,3,0,0,0,6,37,6,2,19,4,78,2,2,0,0,28,1,0,2,0,0,0,0,0,0,0,0,0,0,23;28,NA,NA,51,0,0,3,3,0,0,1,0,0,0,0,0
2025,6,DEN,REG,NYJ,19,30,174,1,0,1,-6,0,0,153,112,9,5.107167024,3.521407568,0,26,78,0,1,0,3,-6.491053602,0,19,26,174,1,1,1,153,112,9,3.712942278,0,0,42,1,31,7,30,0,9,55,15,0,0,4,0,0,0,0,1,1,0,0,0,6,37,4,2,11,4,104,2,2,0,0,57,1,0,1,0,0,1,0,0,0,0,0,0,0,57;27,NA,NA,84,0,0,1,1,0,0,1,0,0,0,0,0
2025,6,DET,REG,KC,23,29,203,2,0,1,-4,0,0,109,127,14,6.713151381,14.18402427,0,23,98,0,0,0,5,-0.75991789,0,23,27,203,2,1,0,109,127,14,9.188927661,0,0,33,0,34,2,14,1,3,14,3,0,0,1,0,0,0,0,0,0,0,0,0,4,38,6,0,0,6,140,1,1,0,0,28,1,0,1,0,0,0,0,0,0,0,0,0,0,28,NA,NA,28,0,0,2,2,0,0,1,0,0,0,0,0
2025,6,GB,REG,CIN,19,26,259,1,1,1,-3,0,0,246,105,11,7.356112143,6.610824282,0,33,153,2,0,0,12,4.917651761,0,19,26,259,1,0,0,246,105,11,8.15568567,0,0,29,2,36,5,15,0,1,6,5,0,0,3,0,0,0,37,0,0,0,0,0,5,40,4,2,14,4,132,2,2,0,0,43,1,0,0,1,1,0,0,0,0,0,0,0,0,43;39,NA,NA,82,0,0,3,3,0,0,1,0,0,0,0,0
2025,6,IND,REG,ARI,22,30,212,2,1,1,-7,0,0,204,115,13,2.848223027,3.748948773,0,27,150,2,0,0,11,5.513895207,0,22,30,212,2,0,0,204,115,13,4.242740509,0,0,47,2,16,6,20,0,2,8,12,1,9,3,0,0,0,0,0,0,0,0,0,5,40,3,1,0,5,135,1,1,0,0,45,1,0,0,0,1,0,0,0,0,0,0,0,0,45,NA,NA,45,0,0,4,4,0,0,1,0,0,0,0,0
2025,6,JAX,REG,SEA,27,42,258,2,0,7,-44,0,0,320,127,13,-0.386846523,-2.139047711,0,19,59,0,0,0,3,-1.098725949,0,27,42,258,2,0,0,320,127,13,9.71629952,0,0,24,3,29,7,22,0,1,9,4,0,0,3,0,2,0,0,0,0,0,0,0,10,76,3,4,24,4,96,0,1,1,0,NA,0,0,0,0,0,0,0,0,0,0,0,1,0,NA,50,NA,0,50,0,0,1,1,0,0,0,0,0,0,0
2025,6,KC,REG,DET,22,30,257,3,0,3,-14,1,0,154,178,16,15.57258389,7.6619855,0,29,112,1,0,0,8,-1.685161834,0,22,28,257,3,0,0,154,178,16,20.25676251,0,0,37,0,26,3,10,1,1,4,4,0,0,0,0,0,0,0,1,1,0,0,0,0,0,2,1,21,4,105,1,1,0,0,33,1,0,0,1,0,0,0,0,0,0,0,0,0,33,NA,NA,33,0,0,3,4,1,0,0.75,0,0,0,0,0
2025,6,LA,REG,BAL,17,26,181,1,0,2,-14,1,1,229,63,10,0.959445174,0.701272717,0,23,74,1,1,0,5,-3.935347899,0,17,26,181,1,0,0,229,63,10,10.99236457,0,0,45,2,40,7,27,2,4,23,11,1,0,4,0,0,0,0,1,2,2,2,0,6,40,5,0,0,2,25,1,2,1,0,36,0.5,0,0,1,0,0,0,0,1,0,0,0,0,36,26,NA,36,26,0,2,2,0,0,1,0,0,0,0,0
2025,6,LAC,REG,MIA,29,38,264,2,0,1,-1,0,0,220,160,12,12.64188996,8.790127698,0,25,140,0,0,0,7,-0.280884459,0,29,38,264,2,2,1,220,160,12,7.684557328,0,0,36,2,24,4,15,0,2,9,4,3,23,5,0,0,0,0,1,1,0,0,0,7,45,3,2,11,4,131,5,5,0,0,35,1,0,1,4,0,0,0,0,0,0,0,0,0,35;31;29;35;33,NA,NA,163,0,0,2,2,0,0,1,1,1,0,0,33
2025,6,LV,REG,TEN,17,23,174,1,1,2,-16,0,0,58,122,9,0.569326378,2.760219704,0,32,68,1,0,0,4,-12.31256871,0,17,23,174,1,0,0,58,122,9,4.271656537,0,0,35,1,25,7,49,1,5,47,8,1,0,2,0,0,0,0,0,0,2,2,0,6,27,2,3,47,2,57,2,2,0,0,50,1,0,1,0,0,1,0,0,0,0,0,0,0,50;29,NA,NA,79,0,0,2,2,0,0,1,0,0,0,0,0
2025,6,MIA,REG,LAC,22,33,213,1,3,2,-9,0,0,209,104,10,-0.625753406,2.366358737,0,21,137,2,0,0,7,5.722234075,0,22,30,213,1,0,0,209,104,10,4.82094305,0,0,47,1,25,1,1,2,1,1,7,0,0,2,0,0,0,0,0,0,1,1,0,4,45,6,1,8,6,180,2,3,1,0,47,0.666666667,0,1,0,1,0,0,0,0,0,0,1,0,47;27,57,NA,74,57,0,3,3,0,0,1,0,0,0,0,0
2025,6,NE,REG,NO,18,26,261,3,0,1,-1,0,0,284,86,12,17.40663725,10.79603843,0,31,73,0,1,0,6,-10.04510771,1,18,24,261,3,0,0,284,86,12,21.0229263,0,0,29,2,40,4,7,1,2,4,4,0,0,5,0,0,0,0,2,3,1,1,0,11,65,1,1,6,5,129,1,1,0,0,24,1,0,1,0,0,0,0,0,0,0,0,0,0,24,NA,NA,24,0,0,2,2,0,0,1,0,0,0,0,0
2025,6,NO,REG,NE,20,26,227,0,0,2,-4,0,0,221,99,7,3.904822753,6.551737166,0,23,73,1,0,0,7,-0.653095616,0,20,26,227,0,1,1,221,99,7,0.788994655,0,0,39,1,19,7,16,1,1,1,4,0,0,2,0,0,0,0,0,0,0,0,0,8,67,3,2,21,4,89,4,4,0,0,54,1,0,0,2,1,1,0,0,0,0,0,0,0,34;48;38;54,NA,NA,174,0,0,1,1,0,0,1,0,0,0,0,0
2025,6,NYG,REG,PHI,17,26,195,1,0,2,-1,0,0,239,76,8,5.770354215,2.070017388,0,39,172,4,0,0,14,7.11175645,0,17,26,195,1,0,0,239,76,8,7.385981023,0,0,31,1,37,7,27,1,3,17,3,1,68,4,0,0,0,0,0,0,1,1,0,6,55,2,3,28,4,103,0,0,0,0,NA,NA,0,0,0,0,0,0,0,0,0,0,0,0,NA,NA,NA,0,0,0,4,5,1,0,0.8,0,0,0,0,0
2025,6,NYJ,REG,DEN,9,17,45,0,0,9,-55,0,0,94,13,2,-20.72145805,-14.76817448,0,31,92,0,0,0,7,-3.256245614,0,9,16,45,0,0,0,94,13,2,-6.792013825,0,0,32,2,32,3,9,2,1,6,3,0,0,2,0,0,1,0,1,1,1,1,0,2,15,6,4,32,5,172,3,3,0,0,52,1,0,0,1,1,1,0,0,0,0,0,0,0,52;41;38,NA,NA,131,0,0,0,0,0,0,NA,0,0,0,0,0
2025,6,PHI,REG,NYG,24,33,283,1,1,3,-17,0,0,316,93,14,2.161582257,9.212653246,0,20,73,1,0,0,5,-2.420105231,0,24,32,283,1,1,1,316,93,14,2.024240669,0,0,39,0,36,1,1,0,2,1,3,0,0,4,0,0,0,0,0,0,0,0,0,4,46,5,2,16,5,84,1,1,0,0,42,1,0,0,0,1,0,0,0,0,0,0,0,0,42,NA,NA,42,0,0,2,2,0,0,1,0,0,0,0,0
2025,6,PIT,REG,CLE,21,30,235,2,0,0,0,0,0,223,132,11,9.599199737,8.184740769,0,28,100,0,0,0,7,-2.440723584,0,21,29,235,2,1,0,223,132,11,10.07860034,0,0,36,0,46,6,32,0,6,38,17,0,0,8,0,0,0,0,0,0,0,0,0,10,59,5,3,30,3,74,3,4,1,0,50,0.75,0,0,0,2,1,0,0,0,0,0,1,0,44;50;48,54,NA,142,54,0,2,2,0,0,1,0,0,0,0,0
2025,6,SEA,REG,JAX,16,27,295,2,0,1,-9,0,0,361,95,10,10.52449973,7.398529102,0,26,60,0,0,0,2,-13.1500136,0,16,24,295,2,0,0,361,95,10,14.34582761,0,0,40,0,34,7,31,0,7,44,17,0,0,2,0,0,0,0,0,0,0,0,0,7,56,4,3,5,2,40,2,2,0,0,53,1,0,1,0,0,1,0,0,0,0,0,0,0,24;53,NA,NA,77,0,0,2,2,0,0,1,0,0,0,0,0
2025,6,SF,REG,TB,27,39,347,0,2,6,-51,1,0,378,165,10,-4.427052439,7.15880249,0,22,67,1,0,0,7,-1.289425141,0,27,37,347,0,0,0,378,165,10,5.599992172,0,0,34,1,23,4,14,0,1,8,1,0,0,2,0,0,0,0,1,1,0,0,0,9,65,6,2,25,6,161,4,4,0,0,54,1,0,1,0,1,2,0,0,0,0,0,0,0,52;54;42;29,NA,NA,177,0,0,1,1,0,0,1,0,0,0,0,0
2025,6,TB,REG,SF,17,23,256,2,0,1,-8,0,0,239,106,9,12.06748962,7.469806982,0,26,104,2,1,0,10,1.023414649,0,17,23,256,2,0,0,239,106,9,14.19844142,0,0,46,0,30,5,34,1,6,51,10,2,19,5,0,0,0,0,1,1,0,0,0,5,31,1,1,6,6,158,1,2,1,0,45,0.5,0,0,0,1,0,0,0,0,0,1,0,0,45,49,NA,45,49,0,3,3,0,0,1,0,0,0,0,0
2025,6,TEN,REG,LV,26,38,222,1,1,6,-62,2,2,253,117,11,-14.68072225,5.549942921,0,15,65,0,0,0,3,-3.206434338,0,26,34,222,1,0,0,253,117,11,2.920808339,0,0,34,2,34,8,32,0,2,16,7,1,1,4,0,0,0,0,0,0,0,0,0,7,34,5,0,0,3,66,1,1,0,0,46,1,0,0,0,1,0,0,0,0,0,0,0,0,46,NA,NA,46,0,0,1,1,0,0,1,0,0,0,0,0
2025,6,WAS,REG,CHI,19,26,211,3,1,3,-6,1,0,212,70,11,6.435357537,11.14691657,0,31,124,0,2,2,8,-10.19347486,0,19,24,211,3,0,0,212,70,11,12.55938456,0,0,30,1,39,4,16,0,3,16,5,0,0,5,0,0,0,0,1,2,0,0,0,5,40,5,1,9,4,127,1,2,1,0,53,0.5,0,0,0,0,1,0,0,0,0,0,1,0,53,50,NA,53,50,0,3,3,0,0,1,0,0,0,0,0
2025,7,ARI,REG,GB,25,36,279,2,0,6,-43,1,1,312,99,13,1.035833261,4.730957396,0,28,94,0,0,0,5,-4.690612517,0,25,34,279,2,0,0,312,99,13,16.3690378,0,0,31,2,22,5,16,1,1,11,2,0,0,3,0,0,0,0,0,0,0,0,0,6,55,6,1,13,3,88,3,3,0,0,40,1,0,0,2,1,0,0,0,0,0,0,0,0,32;40;39,NA,NA,111,0,0,2,2,0,0,1,0,0,0,0,0
2025,7,ATL,REG,SF,21,38,241,1,0,2,-11,1,1,357,91,13,-6.73735714,-5.806361553,0,20,62,0,0,0,3,-0.111203193,0,21,36,241,1,0,0,357,91,13,2.719199144,0,0,37,2,36,7,16,0,1,2,4,1,16,2,0,0,0,0,0,0,0,0,0,6,43,6,2,18,5,106,1,1,0,0,38,1,0,0,1,0,0,0,0,0,0,0,0,0,38,NA,NA,38,0,0,1,1,0,0,1,0,0,0,0,0
2025,7,CAR,REG,NYJ,19,32,198,1,0,2,-21,0,0,233,113,10,-2.606155805,-2.083128498,0,36,125,0,0,0,7,-4.531804147,0,19,31,198,1,0,0,233,113,10,2.942087834,0,0,32,0,28,3,22,0,6,33,11,2,0,9,0,0,0,0,1,1,0,0,0,6,45,3,3,35,1,45,2,2,0,0,30,1,0,1,1,0,0,0,0,0,0,0,0,0,30;29,NA,NA,59,0,0,1,1,0,0,1,0,0,0,0,0
2025,7,CHI,REG,NO,15,26,172,0,1,1,-8,0,0,220,89,10,2.149814818,-3.228770733,0,40,222,2,2,0,15,0.568117163,0,15,25,172,0,0,0,220,89,10,5.290478702,0,0,34,1,17,7,36,1,4,24,7,3,48,9,0,0,0,0,2,4,1,1,0,10,92,2,2,18,2,47,4,4,0,0,39,1,0,2,2,0,0,0,0,0,0,0,0,0,27;39;24;33,NA,NA,123,0,0,2,2,0,0,1,0,0,0,0,0
2025,7,CIN,REG,PIT,31,47,342,3,0,2,-14,0,0,337,168,16,15.14405856,1.608777377,0,23,142,0,0,0,8,5.462086788,0,31,45,342,3,0,0,337,168,16,20.58887612,0,0,33,0,28,2,11,0,0,0,2,2,0,6,0,0,0,0,0,0,0,0,0,4,35,6,0,0,5,128,4,4,0,0,49,1,0,1,1,2,0,0,0,0,0,0,0,0,49;23;45;36,NA,NA,153,0,0,3,3,0,0,1,1,1,0,0,36
2025,7,CLE,REG,MIA,13,18,116,0,0,2,-14,0,0,86,86,6,0.849801087,0.234981709,0,33,104,3,0,0,5,-7.062179934,0,13,18,116,0,1,0,86,86,6,3.881196037,0,0,35,2,24,11,48,2,4,33,6,3,59,6,1,0,0,0,1,1,1,1,0,5,37,1,2,7,2,37,1,1,0,0,30,1,0,0,1,0,0,0,0,0,0,0,0,0,30,NA,NA,30,0,0,4,4,0,0,1,0,0,0,0,0
2025,7,DAL,REG,WAS,21,30,264,3,0,1,-7,0,0,212,135,11,7.193154708,0.407878061,0,31,152,1,1,0,10,-1.302899205,0,21,30,264,3,0,0,212,135,11,7.597535337,0,0,39,0,28,7,19,1,4,14,6,1,68,5,1,0,0,0,1,2,1,1,0,10,79,4,2,4,3,80,3,3,0,0,61,1,0,1,0,1,0,1,0,0,0,0,0,0,47;61;29,NA,NA,137,0,0,5,5,0,0,1,0,0,0,0,0
2025,7,DEN,REG,NYG,27,50,279,2,0,2,-14,0,0,393,142,15,-1.406848908,-10.86830369,2,24,142,2,1,0,9,8.407820549,0,27,49,279,2,0,0,393,142,15,-0.195242465,2,0,32,1,37,4,17,0,4,15,10,1,21,8,0,0,0,0,1,1,0,0,0,12,127,7,2,29,5,96,1,1,0,0,39,1,0,0,1,0,0,0,0,0,0,0,0,0,39,NA,NA,39,0,0,2,2,0,0,1,1,1,0,0,39
2025,7,DET,REG,TB,20,29,241,1,1,4,-26,1,1,157,187,9,-8.635040957,-1.297557354,0,32,164,2,0,0,7,0.814768607,0,20,28,241,1,0,0,157,187,9,1.637207459,0,0,37,0,26,4,20,2,4,18,8,1,0,12,0,0,0,0,0,0,1,1,0,6,50,4,0,0,2,54,1,2,1,0,58,0.5,0,0,0,0,1,0,0,0,0,0,1,0,58,54,NA,58,54,0,3,3,0,0,1,0,0,0,0,0
2025,7,GB,REG,ARI,19,29,179,1,0,1,-11,0,0,190,79,10,6.063561518,-3.020743068,0,23,94,2,1,0,5,0.052957534,0,19,28,179,1,0,0,190,79,10,8.655991832,0,0,37,2,44,9,45,1,6,43,12,0,0,4,0,0,0,0,2,2,1,1,0,10,94,5,0,0,5,115,2,2,0,0,61,1,0,0,1,0,0,1,0,0,0,0,0,0,31;61,NA,NA,92,0,0,3,3,0,0,1,0,0,0,0,0
2025,7,HOU,REG,SEA,23,49,229,1,1,3,-31,0,0,424,109,13,-13.5244037,-14.15742338,0,17,56,0,0,0,1,-8.17904418,0,23,46,229,1,0,0,424,109,13,-6.739802497,0,0,40,5,27,7,20,2,2,15,5,2,28,5,0,0,0,0,0,0,2,2,1,10,105,4,3,25,6,154,2,2,0,0,46,1,0,0,1,1,0,0,0,0,0,0,0,0,36;46,NA,NA,82,0,0,1,1,0,0,1,0,0,0,0,0
2025,7,IND,REG,LAC,23,34,288,2,0,1,-7,0,0,334,142,14,14.86135435,5.181318801,1,23,120,3,0,0,10,7.140562941,0,23,32,288,2,0,0,334,142,14,16.86076653,1,0,43,0,30,4,31,0,3,29,15,2,3,6,0,0,0,0,1,1,0,0,0,3,42,6,0,0,5,193,1,1,0,0,36,1,0,0,1,0,0,0,0,0,0,0,0,0,36,NA,NA,36,0,0,3,4,1,0,0.75,0,0,0,0,0
2025,7,JAX,REG,LA,23,48,296,1,0,7,-32,0,0,522,82,14,-13.93414801,-12.52055168,0,19,94,0,0,0,6,2.081177058,0,23,47,296,1,1,0,522,82,14,-4.385464952,0,0,35,2,18,1,1,0,0,0,4,0,0,4,0,0,0,0,0,0,0,0,0,13,119,4,2,19,2,60,0,1,1,0,NA,0,0,0,0,0,0,0,0,0,0,0,1,0,NA,50,NA,0,50,0,1,1,0,0,1,0,0,0,0,0
2025,7,KC,REG,LV,26,35,286,3,0,1,-4,0,0,207,154,16,19.33917765,6.071546761,0,41,152,1,0,0,12,-2.779444516,0,26,34,286,3,1,0,207,154,16,20.86700695,0,0,17,0,18,1,5,0,1,5,2,0,0,1,0,1,0,0,2,2,1,1,0,5,38,3,3,15,0,0,1,1,0,0,38,1,0,0,1,0,0,0,0,0,0,0,0,0,38,NA,NA,38,0,0,4,4,0,0,1,0,0,0,0,0
2025,7,LA,REG,JAX,21,33,182,5,0,0,0,0,0,363,65,14,8.782921106,4.221847292,0,29,89,0,0,0,4,-1.769782093,0,21,33,182,5,0,0,363,65,14,8.782921106,0,0,42,0,18,5,32,1,7,32,11,0,0,10,0,0,0,0,0,0,0,0,0,5,45,3,3,17,1,32,0,0,0,0,NA,NA,0,0,0,0,0,0,0,0,0,0,0,0,NA,NA,NA,0,0,0,5,5,0,0,1,0,0,0,0,0
2025,7,LAC,REG,IND,37,55,420,3,2,3,-29,0,0,451,142,19,5.8191268,2.804653181,0,16,54,0,0,0,4,0.652344244,0,37,54,420,3,0,0,451,142,19,11.71514844,0,0,32,0,26,3,11,0,1,7,5,0,0,4,0,0,0,0,0,0,0,0,0,6,35,3,1,-3,6,147,1,1,0,0,43,1,0,0,0,1,0,0,0,0,0,0,0,0,43,NA,NA,43,0,0,3,3,0,0,1,0,0,0,0,0
2025,7,LV,REG,KC,12,18,75,0,0,1,-5,0,0,51,73,2,-10.46328659,-4.785633613,0,11,25,0,2,1,2,-9.597803618,0,12,17,75,0,0,0,51,73,2,-8.080060073,0,0,42,4,42,6,12,1,1,4,3,0,0,2,0,0,0,0,1,3,0,0,0,8,58,1,1,6,3,100,0,0,0,0,NA,NA,0,0,0,0,0,0,0,0,0,0,0,0,NA,NA,NA,0,0,0,0,0,0,0,NA,0,0,0,0,0
2025,7,MIA,REG,CLE,17,31,153,0,3,4,-33,1,0,230,73,7,-26.52912771,-10.64813207,0,22,99,0,3,0,6,-5.295548661,0,17,30,153,0,0,0,230,73,7,-19.14718211,0,0,40,2,16,9,32,0,2,14,3,0,0,2,0,0,0,0,5,8,0,0,0,11,103,5,1,11,6,164,2,2,0,0,33,1,0,1,1,0,0,0,0,0,0,0,0,0,33;26,NA,NA,59,0,0,0,0,0,0,NA,0,0,0,0,0
2025,7,MIN,REG,PHI,26,42,313,0,2,2,-15,0,0,421,109,13,-2.276972436,-0.539052561,0,23,89,1,1,0,10,-3.680879137,0,26,40,313,0,0,0,421,109,13,4.021704914,0,0,35,1,27,8,28,0,3,10,4,0,0,1,0,0,0,0,1,3,0,0,0,3,30,5,1,6,3,74,5,5,0,0,59,1,0,2,2,0,1,0,0,0,0,0,0,0,59;34;28;35;29,NA,NA,185,0,0,1,1,0,0,1,0,0,0,0,0
2025,7,NE,REG,TEN,22,24,234,2,0,4,-22,0,0,197,60,13,11.52287131,25.63474067,0,36,175,1,0,0,9,3.286697963,0,22,24,234,2,0,0,197,60,13,17.08768091,0,0,35,1,17,6,22,0,4,20,5,1,32,2,0,0,0,0,0,0,1,1,1,5,36,0,0,0,2,40,1,1,0,0,36,1,0,0,1,0,0,0,0,0,0,0,0,0,36,NA,NA,36,0,0,4,4,0,0,1,0,0,0,0,0
2025,7,NO,REG,CHI,20,32,233,2,3,4,-24,1,1,386,69,9,-12.23894606,0.395304253,0,17,44,0,0,0,3,-3.49237599,0,20,31,233,2,0,0,386,69,9,-2.241910402,0,0,40,0,34,2,3,0,1,8,5,1,0,5,0,0,0,0,0,0,0,0,0,5,30,5,0,0,5,116,0,1,1,0,NA,0,0,0,0,0,0,0,0,0,0,0,1,0,NA,53,NA,0,53,0,2,2,0,0,1,0,0,0,0,0
2025,7,NYG,REG,DEN,15,33,283,3,1,4,-15,0,0,342,147,12,8.377084179,-16.97740808,0,32,119,2,0,0,7,0.214201202,0,15,33,283,3,0,0,342,147,12,12.80182596,0,0,41,2,26,5,19,0,2,14,5,0,0,8,0,0,0,0,0,0,0,0,0,8,36,3,3,28,3,85,0,0,0,0,NA,NA,0,0,0,0,0,0,0,0,0,0,0,0,NA,NA,NA,0,0,0,2,4,2,0,0.5,0,0,0,0,0
2025,7,NYJ,REG,CAR,16,34,172,0,2,6,-33,0,0,367,64,8,-13.49936588,-11.16489124,0,20,81,0,0,0,4,-1.846596227,0,16,31,172,0,0,0,367,64,8,-3.42565838,0,0,43,1,31,6,29,0,2,21,7,0,0,7,0,0,0,0,0,0,0,0,0,5,26,5,2,14,4,100,2,2,0,0,47,1,0,0,1,1,0,0,0,0,0,0,0,0,34;47,NA,NA,81,0,0,0,0,0,0,NA,0,0,0,0,0
2025,7,PHI,REG,MIN,19,23,326,3,0,3,-10,0,0,284,90,9,18.90667418,17.92426161,0,23,45,0,0,0,5,-7.184854001,0,19,23,326,3,0,0,284,90,9,21.52699609,0,0,40,2,20,6,23,0,2,15,8,2,42,3,1,0,0,0,0,0,0,0,0,8,64,4,0,0,7,186,0,1,1,0,NA,0,0,0,0,0,0,0,0,0,0,1,0,0,NA,42,NA,0,42,0,4,4,0,0,1,0,0,0,0,0
2025,7,PIT,REG,CIN,23,34,249,4,2,0,0,0,0,309,143,12,13.3119119,4.880153862,0,20,147,0,0,0,7,6.391976104,0,23,33,249,4,0,0,309,143,12,13.43284658,0,0,44,0,26,3,14,0,2,14,6,0,0,6,0,0,0,0,0,0,0,0,0,7,59,5,2,27,6,179,1,1,0,0,41,1,0,0,0,1,0,0,0,0,0,0,0,0,41,NA,NA,41,0,0,4,4,0,0,1,0,0,0,0,0
2025,7,SEA,REG,HOU,17,32,213,1,2,2,-15,1,1,280,80,9,-10.98392793,-4.435563396,0,33,118,2,0,0,7,-1.19947218,0,17,29,213,1,1,1,280,80,9,-5.182999664,0,0,41,4,20,10,45,0,3,31,7,1,23,12,0,0,0,0,0,0,0,0,0,12,93,4,5,67,4,116,2,3,0,1,47,0.666666667,0,1,0,1,0,0,0,0,0,0,0,0,26;47,NA,53,73,0,53,3,3,0,0,1,0,0,0,0,0
2025,7,SF,REG,ATL,17,26,152,0,1,1,-2,0,0,132,100,10,1.968226376,1.154978449,0,39,174,2,0,0,12,-1.75180749,0,17,24,152,0,0,0,132,100,10,4.614276823,0,0,35,0,28,4,16,1,2,11,5,0,0,2,0,0,0,0,0,0,1,1,0,3,25,1,1,8,2,53,2,2,0,0,55,1,0,0,0,1,1,0,0,0,0,0,0,0,55;43,NA,NA,98,0,0,2,2,0,0,1,0,0,0,0,0
2025,7,TB,REG,DET,28,50,228,1,1,4,-18,1,0,478,107,11,-25.04829073,-9.447585046,0,12,41,0,0,0,2,1.565592502,0,28,50,228,1,1,1,478,107,11,-24.80257329,0,0,35,3,39,7,33,1,4,26,9,1,13,2,0,0,0,0,1,1,1,1,0,6,35,5,3,34,4,95,1,1,0,0,53,1,0,0,0,0,1,0,0,0,0,0,0,0,53,NA,NA,53,0,0,0,0,0,0,NA,0,0,0,0,0
2025,7,TEN,REG,NE,25,34,255,1,1,5,-39,1,1,226,132,14,-11.74268476,6.665890012,0,12,39,0,0,0,1,-2.750837047,0,25,32,255,1,0,0,226,132,14,5.945108379,0,0,41,1,35,6,27,0,4,22,4,0,0,0,0,0,0,0,0,0,0,0,0,3,15,3,1,15,3,84,2,2,0,0,50,1,0,0,0,1,1,0,0,0,0,0,0,0,49;50,NA,NA,99,0,0,1,1,0,0,1,0,0,0,0,0
2025,7,WAS,REG,DAL,16,32,219,1,1,4,-14,1,1,316,88,8,-19.95493111,-11.90371946,0,28,136,2,0,0,8,5.790993408,0,16,31,219,1,0,0,316,88,8,-9.883332914,0,0,30,3,37,3,5,0,1,7,5,0,0,7,0,0,1,0,0,0,0,0,0,11,118,1,1,8,8,209,0,0,0,0,NA,NA,0,0,0,0,0,0,0,0,0,0,0,0,NA,NA,NA,0,0,0,2,2,0,0,1,0,0,0,0,0
2025,8,ATL,REG,MIA,21,31,173,0,0,1,-5,0,0,285,75,7,-5.867928964,2.471027076,0,17,45,1,1,1,4,-10.5020744,0,21,30,173,0,0,0,285,75,7,-2.496535158,0,0,38,2,42,5,16,0,1,8,2,0,0,3,0,0,0,0,0,0,0,0,0,8,76,1,2,11,6,131,1,1,0,0,45,1,0,0,0,1,0,0,0,0,0,0,0,0,45,NA,NA,45,0,0,1,1,0,0,1,0,0,0,0,0
2025,8,BAL,REG,CHI,17,22,186,1,0,2,-8,0,0,209,42,8,5.315543281,10.72072549,0,35,177,2,0,0,14,7.370479402,0,17,22,186,1,1,0,209,42,8,7.560694384,0,0,42,2,24,6,16,1,1,9,4,1,9,2,0,0,0,0,0,0,0,0,0,6,45,2,0,0,5,154,3,3,0,0,42,1,0,1,1,1,0,0,0,0,0,0,0,0,42;28;32,NA,NA,102,0,0,3,3,0,0,1,0,0,0,0,0
2025,8,BUF,REG,CAR,14,23,185,1,0,2,-20,0,0,147,116,10,8.423088424,-9.34573386,0,35,245,4,0,0,12,12.2070445,0,14,23,185,1,0,0,147,116,10,12.25567284,0,0,38,0,36,7,42,2,7,45,9,1,24,1,0,0,0,0,0,0,2,2,0,7,60,2,3,14,2,44,2,2,0,0,45,1,0,0,0,2,0,0,0,0,0,0,0,0,45;43,NA,NA,88,0,0,4,5,1,0,0.8,0,0,0,0,0
2025,8,CAR,REG,BUF,16,24,175,0,1,7,-45,1,1,195,51,11,-12.86088977,3.698212038,0,28,114,1,1,1,7,-7.483066802,0,16,23,175,0,0,0,195,51,11,2.820920895,0,0,33,3,39,4,10,0,2,20,3,0,0,4,0,0,0,0,1,2,0,0,0,4,20,3,2,13,6,156,1,2,1,0,48,0.5,0,0,0,1,0,0,0,0,1,0,0,0,48,32,NA,48,32,0,0,1,1,0,0,0,0,0,0,0
2025,8,CHI,REG,BAL,25,38,285,0,1,1,-9,0,0,310,125,13,1.099933516,7.88827283,0,23,96,1,0,0,5,0.412867148,0,25,35,285,0,0,0,310,125,13,6.682997239,0,0,40,1,33,4,12,1,2,8,3,0,0,1,0,0,0,0,1,1,0,0,0,11,79,6,1,8,6,157,3,4,1,0,47,0.75,0,0,2,1,0,0,0,0,0,0,1,0,32;39;47,58,NA,118,58,0,1,1,0,0,1,0,0,0,0,0
2025,8,CIN,REG,NYJ,21,34,223,2,0,1,-6,0,0,216,152,11,3.18590041,-8.001695799,0,23,181,3,0,0,12,12.15586739,0,21,33,223,2,0,0,216,152,11,6.399961093,0,0,43,1,39,3,4,0,0,0,1,0,0,4,0,0,0,0,0,0,0,0,0,2,15,1,0,0,5,114,1,1,0,0,26,1,0,1,0,0,0,0,0,0,0,0,0,0,26,NA,NA,26,0,0,5,5,0,0,1,0,0,0,0,0
2025,8,CLE,REG,NE,21,35,156,2,2,1,-11,0,0,195,88,7,-19.84580293,-5.33765148,0,16,68,0,0,0,4,1.350315963,0,21,33,156,2,0,0,195,88,7,-16.99213275,0,0,39,2,32,11,52,2,6,37,8,1,7,3,0,0,0,0,0,0,1,1,0,5,31,3,1,7,6,131,0,1,1,0,NA,0,0,0,0,0,0,0,0,0,0,1,0,0,NA,47,NA,0,47,0,1,1,0,0,1,0,0,0,0,0
2025,8,DAL,REG,DEN,22,35,246,1,2,2,-15,0,0,262,78,12,1.349316128,-1.364927207,0,31,108,2,1,0,8,2.505654406,0,22,35,246,1,0,0,262,78,12,4.829498374,0,0,32,1,29,3,5,0,0,0,1,1,7,2,0,0,0,0,1,1,0,0,0,9,80,5,0,0,3,86,1,1,0,0,24,1,0,1,0,0,0,0,0,0,0,0,0,0,24,NA,NA,24,0,0,3,3,0,0,1,0,0,0,0,0
2025,8,DEN,REG,DAL,19,29,247,4,1,0,0,0,0,299,81,15,14.09282814,8.968410944,0,28,179,2,0,0,8,6.416155813,0,19,27,247,4,0,0,299,81,15,15.50212091,0,0,29,2,50,3,17,1,2,15,8,2,36,12,0,0,0,0,0,0,0,0,0,7,42,3,2,26,4,119,1,1,0,0,42,1,0,0,0,1,0,0,0,0,0,0,0,0,42,NA,NA,42,0,0,5,5,0,0,1,0,0,0,0,0
2025,8,GB,REG,PIT,29,37,360,3,0,0,0,0,0,194,245,17,22.35200752,13.54097094,1,26,94,1,0,0,5,-3.378317658,0,29,35,360,3,1,0,194,245,17,24.11525417,1,0,39,0,22,5,23,1,3,17,5,0,0,5,0,1,0,0,1,1,1,1,0,5,47,4,4,17,5,119,2,4,2,0,28,0.5,0,2,0,0,0,0,0,0,0,1,1,0,28;25,57;44,NA,53,101,0,3,3,0,0,1,0,0,0,0,0
2025,8,HOU,REG,SF,30,39,318,2,1,0,0,0,0,338,146,16,19.18803211,8.515917784,0,36,157,0,0,0,7,-1.796132014,0,30,38,318,2,0,0,338,146,16,19.69389627,0,0,25,1,19,4,24,1,2,18,6,1,0,5,0,0,0,0,0,0,0,0,0,8,55,3,2,11,3,70,4,4,0,0,37,1,0,0,4,0,0,0,0,0,0,0,0,0,33;34;37;30,NA,NA,134,0,0,2,2,0,0,1,0,0,0,0,0
2025,8,IND,REG,TEN,21,31,272,3,0,3,-16,0,0,267,110,14,11.72661074,7.135976957,0,18,164,2,0,0,7,8.113839975,0,21,28,272,3,0,0,267,110,14,16.69311507,0,0,43,1,25,8,33,0,4,31,7,1,0,4,0,0,0,0,0,0,0,0,0,3,32,2,2,33,2,42,1,1,0,0,43,1,0,0,0,1,0,0,0,0,0,0,0,0,43,NA,NA,43,0,0,5,5,0,0,1,0,0,0,0,0
2025,8,KC,REG,WAS,25,34,299,3,2,3,-15,0,0,219,173,16,13.72870366,10.90321997,0,30,148,1,1,0,10,2.822226378,0,25,32,299,3,1,0,219,173,16,15.17752413,0,0,28,0,36,3,15,1,2,13,4,2,10,3,0,0,0,0,2,2,0,0,0,9,95,4,2,13,2,46,0,0,0,0,NA,NA,0,0,0,0,0,0,0,0,0,0,0,0,NA,NA,NA,0,0,0,4,4,0,0,1,0,0,0,0,0
2025,8,LAC,REG,MIN,18,25,227,3,1,2,-15,0,0,206,75,13,11.60753154,9.111668666,0,43,207,1,0,0,14,2.650265365,0,18,24,227,3,0,0,206,75,13,15.53892964,0,0,32,1,13,7,30,1,5,27,8,1,15,7,0,0,0,0,0,0,0,0,0,8,46,2,1,0,3,75,3,4,1,0,45,0.75,0,0,1,2,0,0,0,0,0,1,0,0,43;34;45,49,NA,122,49,0,4,4,0,0,1,0,0,0,0,0
2025,8,MIA,REG,ATL,21,27,205,4,0,1,-8,0,0,101,148,10,6.220961128,2.262939237,0,37,141,0,0,0,11,3.051628098,0,21,27,205,4,0,0,101,148,10,8.17340358,0,0,30,1,27,4,10,0,1,5,4,0,0,2,0,0,0,0,0,0,1,1,0,4,54,5,2,9,2,57,2,2,0,0,36,1,0,0,2,0,0,0,0,0,0,0,0,0,34;36,NA,NA,70,0,0,4,4,0,0,1,0,0,0,0,0
2025,8,MIN,REG,LAC,18,31,157,1,1,5,-27,1,0,108,126,9,-12.75077083,-11.79180592,0,11,34,0,0,0,1,-7.188393683,0,18,30,157,1,0,0,108,126,9,-4.033300279,0,0,46,1,33,10,30,0,2,15,8,1,0,2,0,0,0,0,1,1,0,0,0,8,66,3,0,0,5,135,1,2,1,0,54,0.5,0,0,0,0,1,0,0,0,0,0,1,0,54,53,NA,54,53,0,1,1,0,0,1,0,0,0,0,0
2025,8,NE,REG,CLE,18,24,282,3,1,6,-37,1,0,277,80,11,6.421182739,18.71400748,0,35,177,0,1,1,10,-6.168739236,0,18,23,282,3,0,0,277,80,11,15.05168801,0,0,27,1,33,7,23,0,1,11,2,2,33,8,0,0,1,0,1,1,0,0,0,7,54,4,1,8,2,55,3,3,0,0,42,1,0,0,2,1,0,0,0,0,0,0,0,0,36;32;42,NA,NA,110,0,0,3,3,0,0,1,0,0,0,0,0
2025,8,NO,REG,TB,32,51,264,0,2,5,-37,0,0,419,97,13,-22.08289609,-6.08038646,0,15,48,0,1,1,5,-6.294308312,0,32,50,264,0,1,1,419,97,13,-18.35149114,0,0,34,0,32,2,17,2,3,28,4,0,0,4,0,0,0,0,0,0,1,1,0,8,40,6,1,8,6,142,1,1,0,0,48,1,0,0,0,1,0,0,0,0,0,0,0,0,48,NA,NA,48,0,0,0,0,0,0,NA,0,0,0,0,0
2025,8,NYG,REG,PHI,14,24,193,1,0,5,-15,0,0,235,72,9,3.37211063,1.818129962,0,21,68,1,0,0,5,1.04487466,0,14,22,193,1,0,0,235,72,9,9.91994849,0,0,33,0,28,3,22,0,4,28,5,0,0,4,0,0,0,0,0,0,0,0,0,7,54,3,0,0,5,145,2,2,0,0,47,1,0,0,1,1,0,0,0,0,0,0,0,0,47;34,NA,NA,81,0,0,2,2,0,0,1,0,0,0,0,0
2025,8,NYJ,REG,CIN,22,33,248,2,0,0,0,0,0,184,152,13,16.24267912,5.570480724,1,37,254,2,0,0,11,5.550307312,1,22,30,248,2,0,0,184,152,13,19.24150729,1,0,30,0,30,3,13,0,1,6,2,0,0,7,0,0,0,0,0,0,0,0,0,4,25,3,3,38,6,150,3,3,0,0,46,1,0,2,0,1,0,0,0,0,0,0,0,0,46;25;24,NA,NA,95,0,0,2,2,0,0,1,0,0,0,0,0
2025,8,PHI,REG,NYG,15,20,179,4,0,4,-28,0,0,147,87,10,8.026514688,9.823632687,0,33,276,1,0,0,12,12.97686763,0,15,20,179,4,0,0,147,87,10,13.97165153,0,0,35,0,14,7,19,0,5,15,6,0,0,4,0,0,0,0,0,0,0,0,0,5,30,1,1,17,3,99,1,2,1,0,40,0.5,0,0,0,1,0,0,0,0,0,0,1,0,40,58,NA,40,58,0,5,5,0,0,1,0,0,0,0,0
2025,8,PIT,REG,GB,24,36,219,2,0,3,-17,0,0,240,88,10,-4.052352931,4.962281417,0,18,93,0,0,0,5,-1.250774166,0,24,32,219,2,1,1,240,88,10,-0.692738033,0,0,41,0,32,1,1,1,0,0,5,0,0,1,0,0,0,0,0,0,0,0,0,6,65,3,2,21,6,123,4,4,0,0,56,1,0,0,0,1,3,0,0,0,0,0,0,0,56;50;48;56,NA,NA,210,0,0,1,1,0,0,1,0,0,0,0,0
2025,8,SF,REG,HOU,19,32,193,2,1,2,-18,0,0,319,64,10,-2.791569479,-2.346623809,1,10,48,0,0,0,3,0.989112641,0,19,31,193,2,0,0,319,64,10,0.856345459,1,0,45,1,45,3,8,0,0,0,2,1,26,2,0,1,0,0,1,1,0,0,0,4,30,5,0,0,5,151,0,0,0,0,NA,NA,0,0,0,0,0,0,0,0,0,0,0,0,NA,NA,NA,0,0,0,1,1,0,0,1,0,0,0,0,0
2025,8,TB,REG,NO,15,24,152,0,0,3,-28,1,1,162,86,8,-1.770362464,-9.64493975,0,29,88,1,1,0,5,-6.514835262,0,15,24,152,0,0,0,162,86,8,5.13405949,0,0,41,0,32,5,32,2,5,37,8,2,3,7,1,0,0,0,0,0,2,2,0,4,25,0,1,8,2,50,3,3,0,0,55,1,0,0,0,0,3,0,0,0,0,0,0,0,55;52;54,NA,NA,161,0,0,2,2,0,0,1,0,0,0,0,0
2025,8,TEN,REG,IND,22,38,259,1,1,4,-31,0,0,328,101,13,-7.90335976,-7.154050953,0,25,113,1,0,0,5,2.595340423,0,22,37,259,1,0,0,328,101,13,-0.185575614,0,0,35,0,12,5,27,0,3,16,5,0,0,4,0,0,0,0,0,0,0,0,0,3,34,3,0,0,7,175,0,1,1,0,NA,0,0,0,0,0,0,0,0,0,0,0,1,0,NA,58,NA,0,58,0,2,2,0,0,1,0,0,0,0,0
2025,8,WAS,REG,KC,21,30,213,1,2,2,-13,0,0,162,122,9,-7.404169347,1.125034392,0,20,60,0,1,0,4,-2.010681564,0,21,30,213,1,0,0,162,122,9,-3.093144073,0,0,47,1,23,4,9,2,3,15,7,2,1,3,0,0,0,0,0,0,0,0,0,3,35,0,1,14,3,67,0,0,0,0,NA,NA,0,0,0,0,0,0,0,0,0,0,0,0,NA,NA,NA,0,0,0,1,1,0,0,1,0,0,0,0,0
2025,9,ARI,REG,DAL,21,31,261,2,0,5,-40,0,0,248,127,14,7.010368498,7.376096372,0,29,119,1,1,0,9,0.128873957,0,21,29,261,2,0,0,248,127,14,16.80953587,0,0,42,1,27,6,42,4,5,40,9,1,0,6,0,0,0,0,1,2,2,2,0,2,10,1,1,5,4,102,2,2,0,0,48,1,0,0,1,1,0,0,0,0,0,0,0,0,48;34,NA,NA,82,0,0,3,3,0,0,1,0,0,0,0,0
2025,9,ATL,REG,NE,22,37,221,3,0,1,-4,1,0,304,53,13,3.742431711,4.721757945,0,16,71,0,0,0,3,0.022524551,0,22,34,221,3,0,0,304,53,13,7.531137428,0,0,47,0,20,7,46,2,6,38,6,1,17,3,0,0,0,0,1,1,1,1,0,5,40,6,2,28,5,120,1,1,0,0,38,1,0,0,1,0,0,0,0,0,0,0,0,0,38,NA,NA,38,0,0,2,3,1,0,0.666666667,0,0,0,0,0
2025,9,BAL,REG,MIA,18,23,204,4,0,2,-16,0,0,207,91,11,10.40170849,18.10441989,0,31,150,0,0,0,7,-0.944566053,0,18,23,204,4,0,0,207,91,11,13.56246486,0,0,40,1,25,3,5,2,2,16,5,1,9,4,0,0,0,0,0,0,2,2,0,5,56,3,1,17,3,77,0,0,0,0,NA,NA,0,0,0,0,0,0,0,0,0,0,0,0,NA,NA,NA,0,0,0,4,4,0,0,1,0,0,0,0,0
2025,9,BUF,REG,KC,23,26,273,1,0,3,-10,0,0,133,169,13,9.603388036,18.44246614,0,35,141,3,0,0,9,4.973165787,0,23,25,273,1,0,0,133,169,13,15.05459545,0,0,27,0,28,5,20,0,3,24,15,1,0,5,0,0,0,0,0,0,0,0,0,4,40,6,2,14,4,105,0,1,1,0,NA,0,0,0,0,0,0,0,0,0,0,0,1,0,NA,52,NA,0,52,0,4,4,0,0,1,0,0,0,0,0
2025,9,CAR,REG,GB,11,20,102,0,1,1,0,1,0,125,23,6,-3.305482862,-11.49736517,0,33,163,2,0,0,11,8.415791934,0,11,19,102,0,0,0,125,23,6,-2.890069265,0,0,36,1,39,4,18,1,1,8,6,1,36,4,0,0,0,0,1,1,1,1,0,5,39,3,0,0,3,70,1,1,0,0,49,1,0,0,0,1,0,0,0,0,0,0,0,0,49,NA,NA,49,0,0,1,2,1,0,0.5,1,1,0,0,49
2025,9,CHI,REG,CIN,22,37,302,4,0,2,-9,0,0,295,190,17,18.81840436,-0.147023885,0,37,283,2,0,0,11,16.07329742,0,22,34,302,4,0,0,295,190,17,23.22102963,0,0,38,1,27,4,23,1,3,21,5,2,6,7,0,0,0,0,0,0,1,1,0,7,43,5,0,0,6,134,2,3,0,1,36,0.666666667,0,1,1,0,0,0,0,0,0,0,0,0,24;36,NA,47,60,0,47,5,5,0,0,1,0,0,0,0,0
2025,9,CIN,REG,CHI,31,47,470,4,2,3,-21,1,1,427,183,22,16.73174532,2.815685405,1,15,46,0,0,0,3,-1.725247763,0,31,45,470,4,0,0,427,183,22,28.40480896,1,1,37,0,48,2,9,0,2,9,7,0,0,6,0,0,0,0,0,0,0,0,0,7,49,7,2,12,8,297,2,3,1,0,41,0.666666667,0,0,1,1,0,0,0,0,0,0,1,0,41;33,54,NA,74,54,0,4,4,0,0,1,0,0,0,0,0
2025,9,DAL,REG,ARI,24,39,250,1,1,5,-40,0,0,400,91,14,-4.502678794,-0.485124439,0,21,123,0,0,0,8,3.38213453,0,24,36,250,1,4,2,400,89,14,-2.321660907,0,1,39,1,33,8,46,0,5,40,11,0,0,2,0,0,0,0,2,2,0,0,0,6,55,6,1,6,6,151,1,2,1,0,26,0.5,0,1,0,0,0,0,0,0,0,0,0,1,26,68,NA,26,68,0,2,2,0,0,1,0,0,0,0,0
2025,9,DEN,REG,HOU,18,37,173,2,1,1,-2,0,0,441,92,9,-3.500159671,-10.22874345,1,23,100,0,0,0,6,-2.07991121,0,18,34,173,2,0,0,441,92,9,-1.017183117,1,0,43,0,34,4,25,0,4,25,7,0,0,7,0,1,0,0,0,0,0,0,0,4,41,6,4,30,3,76,1,2,0,1,34,0.5,0,0,1,0,0,0,0,0,0,0,0,0,34,NA,51,34,0,51,1,1,0,0,1,1,1,0,0,34
2025,9,DET,REG,MIN,25,37,284,2,0,5,-44,0,0,249,141,11,4.128809606,-2.515587459,0,20,65,1,1,1,3,-4.567611918,0,25,36,284,2,0,0,249,141,11,14.93261123,0,0,35,1,25,7,34,0,5,27,9,1,0,3,0,0,0,0,0,0,0,0,0,10,76,4,2,15,6,170,1,2,0,1,41,0.5,0,0,0,1,0,0,0,0,0,0,0,0,41,NA,45,41,0,45,3,3,0,0,1,0,0,0,0,0
2025,9,GB,REG,CAR,26,37,273,0,1,1,-8,0,0,325,101,13,5.899998472,9.100836005,0,25,104,1,1,1,7,-3.220953201,0,26,35,273,0,0,0,325,101,13,8.62631054,0,0,25,0,46,1,2,1,1,0,2,1,0,1,0,0,0,0,0,0,0,0,0,7,42,5,2,6,3,68,2,3,1,0,49,0.666666667,0,1,0,1,0,0,0,0,0,1,0,0,49;27,43,NA,76,43,0,1,1,0,0,1,0,0,0,0,0
2025,9,HOU,REG,DEN,23,40,216,0,0,4,-25,0,0,331,69,11,-2.592175113,-11.83663423,0,28,77,0,0,0,3,-8.171892869,0,23,39,216,0,0,0,331,69,11,3.130128856,0,0,28,0,36,4,16,0,1,2,4,1,0,7,0,0,0,0,0,0,1,1,0,4,29,6,4,62,3,85,5,6,1,0,41,0.833333333,0,1,1,3,0,0,0,0,0,0,1,0,23;41;38;40;41,51,NA,183,51,0,0,0,0,0,NA,0,0,0,0,0
2025,9,IND,REG,PIT,31,50,342,1,3,5,-29,2,2,432,88,17,-16.25802782,-1.629101547,0,19,55,1,1,0,6,7.334570961,0,31,48,342,1,0,0,432,88,17,-0.586917893,0,0,37,0,34,6,25,1,3,16,4,0,0,3,0,1,0,0,1,1,1,1,0,5,53,3,3,23,4,100,2,2,0,0,53,1,0,0,0,0,2,0,0,0,0,0,0,0,52;53,NA,NA,105,0,0,2,2,0,0,1,0,0,0,0,0
2025,9,JAX,REG,LV,23,34,220,0,1,1,-4,0,0,289,90,9,-0.757149317,-0.004795103,0,42,151,3,0,0,15,12.83998019,0,23,33,220,0,0,0,289,90,9,0.289447481,0,0,32,3,37,5,9,0,2,10,4,1,0,5,0,0,0,0,1,1,0,0,0,9,80,8,1,4,5,155,3,3,0,0,68,1,0,0,1,1,0,1,0,0,0,0,0,0,68;33;48,NA,NA,149,0,0,3,3,0,0,1,0,0,0,0,0
2025,9,KC,REG,BUF,15,34,250,0,1,3,-24,0,0,493,64,10,-1.682720838,-4.38976627,1,20,79,2,0,0,5,3.734735904,0,15,29,250,0,0,0,493,64,10,7.414061344,1,0,39,0,48,3,12,0,3,10,6,0,0,1,0,0,0,0,0,0,0,0,0,3,25,6,1,5,5,158,2,2,0,0,46,1,1,0,0,1,0,0,0,0,0,0,0,0,46;19,NA,NA,65,0,0,1,1,0,0,1,0,0,0,0,0
2025,9,LA,REG,NO,24,32,281,4,0,2,-14,0,0,319,105,14,11.83874103,12.67982308,0,43,171,1,0,0,13,4.437378544,0,24,31,281,4,0,0,319,105,14,15.57174995,0,0,19,1,21,2,10,1,1,9,2,1,7,5,0,0,0,0,0,0,1,1,0,3,32,3,2,11,0,0,0,1,1,0,NA,0,0,0,0,0,0,0,0,0,1,0,0,0,NA,39,NA,0,39,0,4,5,1,0,0.8,0,0,0,0,0
2025,9,LAC,REG,TEN,19,29,250,2,1,6,-38,0,0,311,104,12,1.833617116,6.475198269,0,30,131,1,1,0,8,1.693855535,0,19,28,250,2,0,0,311,104,12,10.39898573,0,0,29,0,22,4,27,1,4,27,5,0,0,3,0,0,0,0,1,1,0,0,0,3,20,1,2,9,3,72,2,2,0,0,52,1,0,1,0,0,1,0,0,0,0,0,0,0,27;52,NA,NA,79,0,0,3,3,0,0,1,0,0,0,0,0
2025,9,LV,REG,JAX,29,39,284,4,1,2,-10,0,0,162,196,17,11.39639255,1.529959707,0,19,57,0,0,0,5,-2.923447342,0,29,38,284,4,0,0,162,196,17,13.24817069,0,0,55,2,28,7,13,0,1,4,2,1,0,4,0,0,0,0,0,0,0,0,0,7,55,2,0,0,6,232,1,1,0,0,24,1,0,1,0,0,0,0,0,0,0,0,0,0,24,NA,NA,24,0,0,2,3,1,0,0.666666667,0,0,0,0,0
2025,9,MIA,REG,BAL,25,40,261,0,1,2,-16,0,0,271,141,12,3.511625016,-2.951435382,0,20,87,0,1,1,4,-9.570615272,0,25,37,261,0,1,1,271,141,12,1.845194313,0,0,32,4,34,5,19,0,2,16,4,0,0,1,0,0,0,0,0,0,0,0,0,5,45,5,2,38,4,89,2,3,1,0,49,0.666666667,0,0,0,2,0,0,0,0,1,0,0,0,49;43,35,NA,92,35,0,0,0,0,0,NA,0,0,0,0,0
2025,9,MIN,REG,DET,14,25,143,2,1,5,-27,0,0,258,33,8,-7.418344617,-0.122888969,0,29,142,1,1,0,8,6.23436341,0,14,23,143,2,0,0,258,33,8,2.133573775,0,0,32,2,46,10,54,1,5,44,11,0,0,1,0,0,0,41,1,2,1,1,0,7,56,1,1,7,5,164,2,2,0,0,50,1,0,1,0,0,1,0,0,0,0,0,0,0,50;20,NA,NA,70,0,0,3,3,0,0,1,0,0,0,0,0
2025,9,NE,REG,ATL,19,29,259,2,1,6,-38,2,1,310,111,14,0.423726848,5.327563733,0,33,110,1,0,0,9,0.448533829,0,19,28,259,2,0,0,310,111,14,12.89783902,0,0,32,0,20,2,9,1,1,4,4,0,0,5,0,0,0,0,1,1,0,0,0,2,15,3,2,15,3,79,1,1,0,0,32,1,0,0,1,0,0,0,0,0,0,0,0,0,32,NA,NA,32,0,0,3,3,0,0,1,0,0,0,0,0
2025,9,NO,REG,LA,15,25,176,1,1,1,-9,0,0,218,47,8,-0.828732179,-6.384628639,0,14,57,0,1,1,1,-11.86378524,0,15,24,176,1,0,0,218,47,8,1.36641397,0,0,34,2,54,4,24,0,2,14,4,0,0,4,0,0,0,0,0,0,0,0,0,5,33,3,1,9,1,29,1,1,0,0,39,1,0,0,1,0,0,0,0,0,0,0,0,0,39,NA,NA,39,0,0,1,1,0,0,1,0,0,0,0,0
2025,9,NYG,REG,SF,24,33,191,2,0,2,-12,0,0,217,79,7,1.710271159,3.736145608,0,21,117,1,0,0,10,7.818000182,0,24,32,191,2,0,0,217,79,7,4.409164445,0,0,34,5,47,7,26,1,2,14,3,0,0,2,0,0,0,0,0,0,1,1,0,5,23,3,0,0,7,191,1,2,1,0,22,0.5,0,1,0,0,0,0,0,0,0,1,0,0,22,45,NA,22,45,0,3,3,0,0,1,0,0,0,0,0
2025,9,PIT,REG,IND,25,35,203,1,0,3,-16,0,0,103,148,10,0.010954169,-2.647822244,0,23,38,2,0,0,5,-3.523587759,0,25,35,203,1,1,1,103,148,10,0.063397068,0,0,40,2,32,5,30,3,5,29,6,3,21,13,0,0,0,0,0,0,3,3,0,8,46,3,2,23,3,74,2,2,0,0,46,1,0,1,0,1,0,0,0,0,0,0,0,0,25;46,NA,NA,71,0,0,3,3,0,0,1,0,0,0,0,0
2025,9,SEA,REG,WAS,21,24,330,4,1,0,0,0,0,207,145,13,22.44793509,23.53871576,0,24,88,1,0,0,5,-0.923984005,0,21,24,330,4,1,0,207,145,13,22.44793509,0,0,30,2,56,5,12,1,4,20,7,1,0,3,0,0,0,0,1,1,1,1,0,5,44,4,0,0,3,58,1,1,0,0,41,1,0,0,0,1,0,0,0,0,0,0,0,0,41,NA,NA,41,0,0,5,5,0,0,1,0,0,0,0,0
2025,9,SF,REG,NYG,19,24,235,2,0,2,-14,1,1,160,112,13,13.49070095,12.02771664,0,39,159,2,0,0,10,4.972469762,0,19,23,235,2,0,0,160,112,13,17.54056456,0,0,34,1,35,3,14,0,2,12,3,0,0,4,0,0,0,0,0,0,0,0,0,6,34,4,3,34,3,92,2,2,0,0,54,1,0,0,1,0,1,0,0,0,0,0,0,0,54;33,NA,NA,87,0,0,4,4,0,0,1,0,0,0,0,0
2025,9,TEN,REG,LAC,12,21,145,0,0,4,-27,1,0,183,85,7,-1.692690689,-11.78466153,0,19,88,0,1,0,4,-6.105835949,0,12,21,145,0,0,0,183,85,7,3.402085928,0,1,41,1,29,6,40,1,6,38,11,1,24,4,1,0,0,0,2,3,0,0,0,7,60,3,3,98,4,117,2,2,0,0,49,1,0,0,1,1,0,0,0,0,0,0,0,0,49;37,NA,NA,86,0,0,2,2,0,0,1,0,0,0,0,0
2025,9,WAS,REG,SEA,16,22,153,0,1,4,-20,0,0,125,71,8,-1.329971665,4.00167065,0,36,157,2,0,0,9,0.110673514,0,16,21,153,0,0,0,125,71,8,6.083475431,0,0,26,2,34,2,5,1,0,0,1,1,0,3,0,0,0,0,0,0,0,0,0,8,87,2,2,15,3,75,0,0,0,0,NA,NA,0,0,0,0,0,0,0,0,0,0,0,0,NA,NA,NA,0,0,0,2,2,0,0,1,0,0,0,0,0
2025,10,ARI,REG,SEA,22,45,258,2,0,5,-52,2,2,329,119,13,-12.49219042,-11.35104658,1,23,129,1,0,0,7,-3.114616221,0,22,44,258,2,0,0,329,119,13,9.124866704,1,0,35,3,29,5,13,2,1,4,1,1,4,2,0,0,0,0,0,0,2,2,0,5,37,2,0,0,7,146,0,0,0,0,NA,NA,0,0,0,0,0,0,0,0,0,0,0,0,NA,NA,NA,0,0,0,2,2,0,0,1,0,0,0,0,0
2025,10,ATL,REG,IND,12,28,177,1,0,3,-27,1,1,288,47,10,-8.050063598,-16.34971893,1,29,140,2,0,0,10,4.04487736,0,12,25,177,1,0,0,288,47,10,2.930921953,1,0,47,1,47,9,62,4,7,59,7,1,3,5,0,0,0,0,0,0,1,1,0,3,35,2,0,0,7,155,1,1,0,0,43,1,0,0,0,1,0,0,0,0,0,0,0,0,43,NA,NA,43,0,0,2,2,0,0,1,0,0,0,0,0
2025,10,BAL,REG,MIN,17,29,176,1,0,1,-7,0,0,119,100,9,-1.389796551,-13.49632932,1,36,152,1,1,0,12,-0.313154704,0,17,28,176,1,0,0,119,100,9,1.251985315,1,0,36,0,18,3,9,2,1,3,12,2,27,13,0,0,0,0,1,1,1,1,0,5,62,4,1,19,5,131,4,5,1,0,44,0.8,0,2,1,1,0,0,0,0,0,0,1,0,44;28;30;22,56,NA,124,56,0,1,1,0,0,1,0,0,0,0,0
2025,10,BUF,REG,MIA,28,40,306,2,1,3,-17,0,0,404,114,12,4.186331393,7.705256801,0,22,87,0,2,2,4,-9.046412741,0,28,39,306,2,0,0,404,114,12,6.713610919,0,0,31,1,23,6,16,0,0,0,2,2,1,4,0,0,0,0,0,0,0,0,0,6,67,3,1,7,4,93,0,0,0,0,NA,NA,0,0,0,0,0,0,0,0,0,0,0,0,NA,NA,NA,0,0,0,1,1,0,0,1,0,0,0,0,0
2025,10,CAR,REG,NO,17,25,124,0,1,2,-22,0,0,162,55,6,-11.49787593,2.757819062,0,23,73,1,1,1,6,-9.473294535,0,17,23,124,0,0,0,162,55,6,-7.378216375,0,0,38,3,35,6,21,0,2,16,5,0,0,1,0,0,0,0,0,1,1,1,0,1,5,5,2,15,4,108,0,1,0,1,NA,0,0,0,0,0,0,0,0,0,0,0,0,0,NA,NA,48,0,0,48,1,1,0,0,1,0,0,0,0,0
2025,10,CHI,REG,NYG,20,36,220,1,0,0,0,0,0,345,76,11,-6.061366754,-8.151408699,0,28,171,2,0,0,8,5.654591341,0,20,36,220,1,0,0,345,76,11,-6.061366754,0,0,38,1,29,7,26,1,4,25,9,0,0,5,0,0,0,0,0,0,1,1,0,3,25,2,1,13,2,46,1,1,0,0,22,1,0,1,0,0,0,0,0,0,0,0,0,0,22,NA,NA,22,0,0,3,3,0,0,1,0,0,0,0,0
2025,10,CLE,REG,NYJ,17,32,167,2,0,6,-47,0,0,200,76,8,-7.389529406,-16.41214341,0,32,158,0,0,0,11,1.62196687,0,17,32,167,2,0,0,200,76,8,2.483613988,0,0,28,3,33,10,41,0,3,12,8,1,15,5,0,0,0,0,0,0,0,0,0,10,78,6,1,15,5,126,2,2,0,0,45,1,0,1,0,1,0,0,0,0,0,0,0,0,45;29,NA,NA,74,0,0,2,2,0,0,1,0,0,0,0,0
2025,10,DEN,REG,LV,16,28,150,1,2,2,-14,0,0,247,77,5,-10.57572587,-7.191638207,0,27,84,0,0,0,5,-6.848258378,0,16,27,150,1,0,0,247,77,5,-2.894821818,0,0,35,0,34,5,28,1,6,29,11,1,23,3,0,0,0,0,0,0,0,0,0,11,78,2,1,-1,2,35,1,2,1,0,32,0.5,0,0,1,0,0,0,0,0,0,0,1,0,32,59,NA,32,59,0,1,1,0,0,1,0,0,0,0,0
2025,10,DET,REG,WAS,25,35,320,3,0,0,0,0,0,173,192,19,23.98836167,9.601234179,0,33,226,2,0,0,11,8.316233082,1,25,32,320,3,0,0,173,192,19,26.15517767,0,0,36,0,22,3,17,0,2,18,6,0,0,4,0,0,0,0,0,0,0,0,0,3,1,2,3,3,3,60,3,3,0,0,48,1,0,2,0,1,0,0,0,0,0,0,0,0,22;28;48,NA,NA,98,0,0,3,4,0,1,0.75,0,0,0,0,0
2025,10,GB,REG,PHI,20,36,176,0,0,3,-19,1,1,304,71,10,-8.137690772,-6.459089798,0,27,104,1,2,1,8,-3.188898622,0,20,33,176,0,0,0,304,71,10,-1.093417602,0,0,34,1,31,6,16,1,0,0,0,0,0,2,0,0,0,0,1,2,1,1,0,4,20,6,2,22,3,77,0,1,1,0,NA,0,0,0,0,0,0,0,0,0,0,0,0,1,NA,64,NA,0,64,0,1,1,0,0,1,0,0,0,0,0
2025,10,HOU,REG,JAX,27,45,292,2,1,2,-10,0,0,427,76,17,0.754407671,-3.259326585,1,22,130,2,1,0,9,4.545292288,0,27,44,292,2,0,0,427,76,17,3.198617975,1,0,38,0,26,8,48,2,5,39,6,1,0,9,0,0,0,0,1,2,1,1,1,11,80,4,1,8,3,71,1,1,0,0,23,1,0,1,0,0,0,0,0,0,0,0,0,0,23,NA,NA,23,0,0,1,1,0,0,1,0,0,0,0,0
2025,10,IND,REG,ATL,19,26,255,1,1,7,-59,3,1,209,134,10,-2.113338495,3.072657035,0,41,323,3,0,0,15,13.43753906,0,19,26,255,1,1,0,209,134,10,11.3562749,0,0,35,0,28,4,33,1,3,27,3,0,0,3,0,0,0,0,2,2,1,1,0,7,56,3,3,32,4,139,2,3,1,0,44,0.666666667,0,0,1,1,0,0,0,0,0,0,1,0,34;44,53,NA,78,53,0,1,2,1,0,0.5,0,0,0,0,0
2025,10,JAX,REG,HOU,13,23,158,1,1,5,-39,2,1,146,77,7,-7.292075384,-14.42666598,0,27,94,1,0,0,6,-5.89976264,0,13,23,158,1,0,0,146,77,7,5.378184266,0,1,28,1,41,5,16,1,2,10,3,1,0,8,0,0,0,0,1,1,1,1,0,9,90,5,2,90,6,160,3,3,0,0,53,1,0,0,2,0,1,0,0,0,0,0,0,0,32;53;33,NA,NA,118,0,0,2,2,0,0,1,0,0,0,0,0
2025,10,LA,REG,SF,24,36,280,4,0,1,-5,0,0,332,142,20,22.63015853,10.59486077,0,30,126,2,0,0,9,0.475754399,0,24,34,280,4,0,0,332,142,20,24.82158024,0,0,34,2,34,2,3,1,0,0,1,1,5,5,0,0,0,0,0,0,1,1,0,0,0,3,1,5,4,110,0,0,0,0,NA,NA,0,0,0,0,0,0,0,0,0,0,0,0,NA,NA,NA,0,0,0,6,6,0,0,1,0,0,0,0,0
2025,10,LAC,REG,PIT,20,33,220,1,0,5,-21,0,0,156,179,7,-6.661067343,-14.10308444,0,31,115,1,0,0,11,-1.022815887,0,20,33,220,1,0,0,156,179,7,1.02413432,0,0,30,0,16,4,15,1,3,13,5,2,31,5,0,0,1,0,0,0,1,1,0,8,55,3,1,5,3,76,3,4,1,0,59,0.75,0,0,1,1,1,0,0,0,0,0,1,0,32;59;42,55,NA,133,55,0,2,2,0,0,1,0,0,0,0,0
2025,10,LV,REG,DEN,16,27,143,0,1,6,-29,0,0,61,84,7,-17.30464158,-9.336032391,0,25,74,1,0,0,5,-5.31855158,0,16,25,143,0,1,0,61,84,7,-3.474344949,0,0,32,0,28,4,18,0,2,14,4,2,26,4,0,0,0,0,1,1,0,0,0,11,83,4,3,2,1,28,0,1,1,0,NA,0,0,0,0,0,0,0,0,0,0,1,0,0,NA,48,NA,0,48,0,1,1,0,0,1,0,0,0,0,0
2025,10,MIA,REG,BUF,15,21,173,2,2,0,0,0,0,188,89,9,9.007470136,5.901699691,0,32,197,2,0,0,9,6.920662552,0,15,21,173,2,0,0,188,89,9,9.007470136,0,0,45,2,24,6,18,2,3,17,7,1,0,4,0,0,0,0,0,0,2,2,0,5,35,4,1,13,1,24,1,1,0,0,46,1,0,0,0,1,0,0,0,0,0,0,0,0,46,NA,NA,46,0,0,3,4,1,0,0.75,0,0,0,0,0
2025,10,MIN,REG,BAL,20,42,248,1,2,1,-3,0,0,458,114,9,-9.89211825,-11.62775998,0,18,120,1,0,0,6,-0.06369083,0,20,41,248,1,0,0,458,114,9,-7.899664629,0,0,45,1,27,3,11,2,1,7,4,0,0,4,0,0,0,0,1,1,0,0,0,13,102,5,3,5,6,153,2,2,0,0,49,1,0,0,0,2,0,0,0,0,0,0,0,0,49;43,NA,NA,92,0,0,1,1,0,0,1,0,0,0,0,0
2025,10,NE,REG,TB,16,31,270,2,1,1,-1,0,0,350,134,9,6.266848459,-5.857704477,0,27,166,2,0,0,5,3.132157765,0,16,29,270,2,0,0,350,134,9,8.64805001,0,0,30,1,43,6,23,0,2,15,5,0,0,5,0,1,0,0,1,1,0,0,0,5,49,2,3,3,2,45,0,0,0,0,NA,NA,0,0,0,0,0,0,0,0,0,0,0,0,NA,NA,NA,0,0,0,4,4,0,0,1,0,0,0,0,0
2025,10,NO,REG,CAR,19,28,282,2,0,2,-16,0,0,256,134,9,11.2024889,10.37093412,0,37,122,0,0,0,8,-5.860782537,0,19,26,282,2,0,0,256,134,9,18.71325144,0,0,27,1,35,4,24,0,2,22,3,1,11,4,0,1,0,0,0,0,1,1,0,6,60,1,2,8,1,31,1,1,0,0,20,1,0,1,0,0,0,0,0,0,0,0,0,0,20,NA,NA,20,0,0,2,2,0,0,1,0,0,0,0,0
2025,10,NYG,REG,CHI,22,36,287,0,0,4,-25,0,0,291,123,11,0.839488033,5.115750898,0,30,169,2,1,1,9,-0.504039805,0,22,32,287,0,0,0,291,123,11,9.144841396,0,0,30,2,32,2,5,0,0,0,3,0,0,2,0,0,0,0,0,0,0,0,0,10,69,3,0,0,1,39,2,2,0,0,32,1,1,0,1,0,0,0,0,0,0,0,0,0,32;19,NA,NA,51,0,0,2,2,0,0,1,0,0,0,0,0
2025,10,NYJ,REG,CLE,6,11,54,1,1,3,-12,0,0,38,67,1,-10.17578757,-13.65700391,0,33,127,0,0,0,8,-4.54937178,0,6,11,54,1,0,0,38,67,1,-6.960594733,0,2,47,1,25,10,63,0,6,47,7,0,0,3,0,0,0,0,0,0,0,0,0,7,61,3,5,126,4,166,2,2,0,0,37,1,0,1,1,0,0,0,0,0,0,0,0,0,26;37,NA,NA,63,0,0,3,3,0,0,1,0,0,0,0,0
2025,10,PHI,REG,GB,15,26,183,1,0,0,0,0,0,229,92,8,8.494025746,-0.792824056,0,34,111,0,1,1,4,-13.1867824,0,15,23,183,1,0,0,229,92,8,9.438929301,0,0,39,2,26,5,29,2,3,19,8,0,0,5,0,0,0,0,0,0,2,2,0,7,61,3,2,31,2,51,1,1,0,0,39,1,0,0,1,0,0,0,0,0,0,0,0,0,39,NA,NA,39,0,0,1,1,0,0,1,0,0,0,0,0
2025,10,PIT,REG,LAC,16,31,161,1,2,3,-13,1,0,251,114,6,-18.09004053,-10.83024538,0,16,73,0,0,0,4,-0.740225144,0,16,28,161,1,0,0,251,114,6,-12.30608671,0,0,36,0,46,11,33,0,5,21,9,0,0,5,0,1,0,0,1,1,0,0,0,4,29,4,2,11,3,84,1,2,1,0,59,0.5,0,0,0,0,1,0,0,0,0,1,0,0,59,45,NA,59,45,0,1,1,0,0,1,0,0,0,0,0
2025,10,SEA,REG,ARI,10,12,178,1,1,1,-4,1,1,128,79,6,4.095139755,18.88962165,0,46,198,2,2,1,16,-0.115116662,0,10,12,178,1,0,0,128,79,6,9.158727554,0,0,40,1,31,10,54,2,5,52,10,0,0,10,0,0,0,0,2,2,2,2,2,3,20,4,0,0,3,67,3,3,0,0,46,1,0,0,2,1,0,0,0,0,0,0,0,0,46;32;34,NA,NA,112,0,0,5,5,0,0,1,0,0,0,0,0
2025,10,SF,REG,LA,33,39,319,3,1,0,0,0,0,282,101,16,18.25267895,14.97482795,0,21,74,1,0,0,8,-4.082942658,0,33,39,319,3,1,1,282,101,16,11.80759048,0,0,31,2,42,3,7,0,1,5,8,0,0,3,0,0,0,0,0,0,0,0,0,7,45,5,1,27,1,16,0,0,0,0,NA,NA,0,0,0,0,0,0,0,0,0,0,0,0,NA,NA,NA,0,0,0,2,3,0,1,0.666666667,0,0,0,0,0
2025,10,TB,REG,NE,28,43,273,3,0,2,-15,0,0,282,132,14,0.968220839,-2.538804814,0,21,113,0,0,0,9,2.002403006,0,28,43,273,3,0,0,282,132,14,4.791047339,0,0,33,1,19,3,7,0,1,1,6,1,0,5,0,0,0,0,0,0,0,0,0,6,40,6,2,12,2,48,1,1,0,0,36,1,0,0,1,0,0,0,0,0,0,0,0,0,36,NA,NA,36,0,0,2,2,0,0,1,0,0,0,0,0
2025,10,WAS,REG,DET,16,22,213,2,0,2,-18,0,0,288,39,9,10.92373224,14.25039999,0,27,93,1,0,0,5,-1.918708357,0,16,22,213,2,0,0,288,39,9,14.25705789,0,0,38,0,40,0,0,0,0,0,5,0,0,3,0,0,0,0,0,0,0,0,0,8,61,3,0,0,7,191,1,1,0,0,44,1,0,0,0,1,0,0,0,0,0,0,0,0,44,NA,NA,44,0,0,1,1,0,0,1,0,0,0,0,0
2025,11,ARI,REG,SF,47,57,452,2,2,0,0,0,0,388,198,18,9.212935896,12.4360208,0,14,36,1,0,0,5,-1.931191046,0,47,56,452,2,1,1,388,198,18,6.845637772,0,0,27,1,31,3,23,0,1,14,3,0,0,4,0,0,0,0,0,0,0,0,0,17,130,5,2,51,7,180,1,2,1,0,26,0.5,0,1,0,0,0,0,0,0,0,0,1,0,26,58,NA,26,58,0,1,1,0,0,1,0,0,0,0,0
2025,11,ATL,REG,CAR,19,30,223,0,0,0,0,0,0,255,107,11,6.946033951,-5.197359262,0,28,125,3,0,0,8,0.409392551,0,19,29,223,0,1,0,255,107,11,8.425246507,0,0,52,0,16,6,31,0,5,29,10,0,0,7,0,2,0,0,1,1,0,0,0,6,44,4,1,0,6,133,2,2,0,0,52,1,0,0,0,1,1,0,0,0,0,0,0,0,52;45,NA,NA,97,0,0,3,3,0,0,1,0,0,0,0,0
2025,11,BAL,REG,CLE,14,25,193,0,2,5,-26,0,0,199,106,9,-12.84805474,-8.797862887,0,30,184,2,0,0,8,7.724940331,0,14,25,193,0,0,0,199,106,9,-6.313249386,0,0,32,2,28,6,40,1,3,34,10,1,14,9,0,1,0,0,0,0,0,0,0,4,26,3,3,26,4,115,3,3,0,0,44,1,0,2,0,1,0,0,0,0,0,0,0,0,25;24;44,NA,NA,93,0,0,2,2,0,0,1,0,0,0,0,0
2025,11,BUF,REG,TB,19,30,317,3,2,0,0,0,0,346,154,13,12.44086281,-0.812641482,0,23,97,3,0,0,5,0.70486967,0,19,30,317,3,1,0,346,154,13,12.44086281,0,0,35,4,42,3,14,1,1,8,3,1,12,6,0,1,0,0,1,1,1,1,0,7,45,3,1,0,6,234,1,1,0,0,39,1,0,0,1,0,0,0,0,0,0,0,0,0,39,NA,NA,39,0,0,5,5,0,0,1,0,0,0,0,0
2025,11,CAR,REG,ATL,31,45,448,3,0,5,-29,0,0,278,247,20,14.24202299,2.173102376,1,25,67,0,0,0,2,-4.552821601,0,31,44,448,3,0,0,278,247,20,29.49632957,1,0,28,1,43,2,6,2,0,0,1,0,0,5,0,0,0,0,0,0,1,1,0,8,49,4,1,9,3,77,3,3,0,0,34,1,0,2,1,0,0,0,0,0,0,0,0,0,29;34;28,NA,NA,91,0,0,1,1,0,0,1,1,1,0,0,28
2025,11,CHI,REG,MIN,16,32,193,0,0,2,-13,0,0,385,108,6,-0.948471799,-9.485139059,0,39,140,1,1,0,14,-2.525190515,0,16,28,193,0,0,0,385,108,6,5.41616334,0,0,26,0,32,1,3,1,0,0,5,2,23,5,0,0,0,0,1,2,0,0,0,6,40,2,2,11,3,108,4,5,1,0,54,0.8,0,0,2,1,1,0,0,0,0,1,0,0,38;54;33;48,45,NA,173,45,0,1,1,0,0,1,1,1,0,0,48
2025,11,CIN,REG,PIT,23,40,199,1,1,1,-7,0,0,285,97,9,-9.329388562,-9.606239811,0,22,105,0,0,0,6,2.420936914,0,23,39,199,1,1,1,285,97,9,-15.4372968,0,0,33,2,36,3,13,0,1,11,4,0,0,3,0,0,0,0,0,0,0,0,0,8,67,4,1,4,6,138,2,2,0,0,48,1,0,0,0,2,0,0,0,0,0,0,0,0,43;48,NA,NA,91,0,0,0,0,0,0,NA,0,0,0,0,0
2025,11,CLE,REG,BAL,11,26,115,0,1,3,-34,1,0,166,44,4,-16.99296096,-20.81737673,0,25,106,0,0,0,5,-5.098960333,0,11,25,115,0,0,0,166,44,4,-8.980520679,0,0,39,1,25,10,34,0,5,26,7,2,32,3,1,0,0,0,1,1,1,1,0,5,41,4,2,18,5,123,3,3,0,0,46,1,0,1,1,1,0,0,0,0,0,0,0,0,30;24;46,NA,NA,100,0,0,1,1,0,0,1,0,0,0,0,0
2025,11,DAL,REG,LV,25,33,268,4,0,1,-1,1,1,232,138,16,8.562692845,8.717983216,0,31,114,0,0,0,7,-6.454075091,0,25,32,268,4,0,0,232,138,16,15.87256331,0,0,33,2,30,8,32,0,4,29,11,1,24,8,0,0,1,0,0,0,0,0,0,6,50,5,1,14,4,111,1,1,0,0,50,1,0,0,0,0,1,0,0,0,0,0,0,0,50,NA,NA,50,0,0,4,4,0,0,1,0,0,0,0,0
2025,11,DEN,REG,KC,24,38,295,0,0,2,-12,0,0,319,142,11,4.594412594,1.409962277,0,21,59,1,0,0,5,-3.155588818,0,24,36,295,0,0,0,319,142,11,10.23072245,0,0,36,0,32,4,28,0,3,27,8,1,16,4,0,2,0,0,0,0,0,0,0,10,147,4,3,101,3,79,5,5,0,0,54,1,0,2,2,0,1,0,0,0,0,0,0,0,29;24;38;54;35,NA,NA,180,0,0,1,1,0,0,1,1,1,0,0,35
2025,11,DET,REG,PHI,14,37,255,1,1,2,-12,0,0,246,193,10,-14.26322681,-30.07149224,0,21,74,0,0,0,3,-9.381880222,0,14,36,255,1,0,0,246,193,10,-11.0468044,0,0,39,0,30,4,13,0,1,11,2,0,0,3,0,0,0,0,0,0,0,0,0,5,48,3,3,3,3,62,1,1,0,0,54,1,0,0,0,0,1,0,0,0,0,0,0,0,54,NA,NA,54,0,0,0,1,1,0,0,0,0,0,0,0
2025,11,GB,REG,NYG,15,26,180,3,0,2,-12,0,0,293,32,12,12.48064779,1.535540879,1,23,128,1,0,0,7,5.699253153,0,15,25,180,3,1,0,293,32,12,13.74836718,1,0,39,2,42,1,1,1,2,7,5,1,0,5,0,0,0,0,1,1,1,1,0,5,48,3,1,0,3,70,0,0,0,0,NA,NA,0,0,0,0,0,0,0,0,0,0,0,0,NA,NA,NA,0,0,0,1,3,2,0,0.333333333,0,0,0,0,0
2025,11,HOU,REG,TEN,26,41,274,1,0,4,-34,0,0,350,82,13,-0.157998548,-0.02506718,0,23,75,0,0,0,6,-4.360790692,0,26,40,274,1,0,0,350,82,13,12.02640114,0,0,29,1,29,5,28,1,3,23,6,0,0,5,0,0,0,0,0,0,1,1,0,5,53,4,5,38,2,51,3,3,0,0,43,1,0,0,1,2,0,0,0,0,0,0,0,0,41;43;35,NA,NA,119,0,0,1,1,0,0,1,1,1,0,0,35
2025,11,JAX,REG,LAC,14,22,153,1,1,0,0,0,0,194,45,11,2.387748991,-1.569854536,0,47,192,4,0,0,16,3.104137704,0,14,22,153,1,0,0,194,45,11,2.387748991,0,0,24,0,28,5,30,0,3,25,6,1,44,7,0,0,0,0,0,0,0,0,0,1,5,2,0,0,2,55,0,0,0,0,NA,NA,0,0,0,0,0,0,0,0,0,0,0,0,NA,NA,NA,0,0,0,5,5,0,0,1,0,0,0,0,0
2025,11,KC,REG,DEN,29,45,276,1,1,3,-27,0,0,324,181,13,1.151241862,-2.789257779,0,14,62,1,0,0,3,1.660856238,0,29,43,276,1,0,0,324,181,13,6.175780271,0,0,40,1,23,6,20,1,2,12,5,0,0,3,0,0,0,0,0,0,0,0,0,10,69,6,2,19,6,157,2,2,0,0,31,1,0,0,2,0,0,0,0,0,0,0,0,0,31;31,NA,NA,62,0,0,1,2,0,1,0.5,0,0,0,0,0
2025,11,LA,REG,SEA,15,28,130,2,0,0,0,0,0,146,74,6,-4.049926161,-16.56947445,0,22,119,1,0,0,5,0.768060182,0,15,27,130,2,1,1,146,74,6,-8.943333879,0,0,53,1,21,0,0,1,0,0,3,4,81,8,0,0,0,0,0,0,0,0,0,6,43,6,0,0,4,91,0,0,0,0,NA,NA,0,0,0,0,0,0,0,0,0,0,0,0,NA,NA,NA,0,0,0,3,3,0,0,1,0,0,0,0,0
2025,11,LAC,REG,JAX,13,26,118,0,1,3,-25,0,0,184,59,4,-21.69488277,-12.2959584,0,16,42,0,0,0,3,-1.315753863,0,13,24,118,0,0,0,184,59,4,-13.21050334,0,0,42,1,33,2,4,0,0,0,2,1,0,3,0,0,0,0,0,0,0,0,0,5,71,3,0,0,5,123,2,2,0,0,46,1,0,0,0,2,0,0,0,0,0,0,0,0,41;46,NA,NA,87,0,0,0,0,0,0,NA,0,0,0,0,0
2025,11,LV,REG,DAL,27,42,238,1,1,4,-29,0,0,220,151,12,-14.23201256,-3.226324152,0,12,27,0,0,0,4,1.833032131,0,27,39,238,1,0,0,220,151,12,-3.011719664,0,0,32,0,46,2,2,1,1,1,4,0,0,3,0,0,0,0,0,0,1,1,0,6,40,3,2,4,6,136,3,3,0,0,45,1,0,0,2,1,0,0,0,0,0,0,0,0,35;45;38,NA,NA,118,0,0,1,1,0,0,1,0,0,0,0,0
2025,11,MIA,REG,WAS,14,20,171,0,0,3,-29,0,0,135,115,8,1.961467314,2.062582672,0,31,169,1,0,0,11,-3.033368296,0,14,20,171,0,0,0,135,115,8,7.170227726,0,0,35,3,43,5,12,0,1,6,5,1,7,2,0,0,0,0,0,0,1,1,0,4,39,6,1,3,1,21,3,3,0,0,46,1,0,1,1,1,0,0,0,0,0,0,0,0,46;39;29,NA,NA,114,0,0,1,1,0,0,1,1,1,0,0,29
2025,11,MIN,REG,CHI,16,32,150,1,2,0,0,0,0,309,72,10,-13.0619161,-15.2442866,0,22,115,1,0,0,4,2.665261646,0,16,32,150,1,0,0,309,72,10,-13.0619161,0,0,37,2,46,10,31,0,2,13,5,0,0,3,0,0,0,0,1,1,0,0,0,2,15,3,3,79,4,93,1,1,0,0,31,1,0,0,1,0,0,0,0,0,0,0,0,0,31,NA,NA,31,0,0,2,2,0,0,1,0,0,0,0,0
2025,11,NE,REG,NYJ,25,34,281,1,0,1,-10,0,0,399,94,16,12.24603814,13.53970712,0,27,65,2,0,0,4,-2.234540031,0,25,33,281,1,0,0,399,94,16,15.14437138,0,0,40,0,18,3,13,0,2,11,6,0,0,5,0,0,0,0,0,0,1,1,0,2,20,3,0,0,3,68,2,3,1,0,44,0.666666667,0,1,0,1,0,0,0,0,0,1,0,0,44;26,45,NA,70,45,0,3,3,0,0,1,0,0,0,0,0
2025,11,NYG,REG,GB,19,29,201,0,1,2,-7,1,1,219,89,10,6.399802808,0.500832961,0,38,142,3,0,0,10,3.926641586,0,19,29,201,0,0,0,219,89,10,9.81832262,0,0,31,1,15,2,12,1,2,12,8,0,0,5,0,0,0,0,0,0,0,0,0,6,77,5,2,17,4,108,0,0,0,0,NA,NA,0,0,0,0,0,0,0,0,0,0,0,0,NA,NA,NA,0,0,0,2,3,1,0,0.666666667,0,0,0,0,0
2025,11,NYJ,REG,NE,15,27,116,1,0,2,-11,0,0,211,43,5,-8.232931308,-7.06599584,0,28,140,1,1,1,11,3.38238025,0,15,26,116,1,0,0,211,43,5,-3.575671538,0,0,36,1,29,4,18,0,1,10,4,0,0,3,0,0,0,0,0,1,0,0,0,7,62,5,3,18,4,95,0,0,0,0,NA,NA,0,0,0,0,0,0,0,0,0,0,0,0,NA,NA,NA,0,0,0,2,2,0,0,1,0,0,0,0,0
2025,11,PHI,REG,DET,14,28,135,0,0,1,-11,0,0,362,40,6,-8.389298004,-9.799184733,0,40,148,1,1,0,9,-8.129248097,0,14,27,135,0,0,0,362,40,6,-5.241583881,0,0,30,0,22,3,13,0,2,12,7,1,21,10,0,2,0,0,1,2,0,0,0,9,78,4,1,0,1,22,3,3,0,0,49,1,0,1,1,1,0,0,0,0,0,0,0,0,27;34;49,NA,NA,110,0,0,1,1,0,0,1,0,0,0,0,0
2025,11,PIT,REG,CIN,21,31,243,2,0,1,-11,0,0,133,225,13,11.96037801,0.532048324,0,28,111,0,0,0,7,-0.203171817,0,21,29,243,2,0,0,133,225,13,16.24194268,0,0,32,1,37,2,8,1,1,7,3,1,73,8,1,0,0,0,0,0,1,1,1,8,76,5,2,15,3,64,2,2,0,0,30,1,0,1,1,0,0,0,0,0,0,0,0,0,25;30,NA,NA,55,0,0,4,4,0,0,1,0,0,0,0,0
2025,11,SEA,REG,LA,29,44,279,0,4,0,0,0,0,342,113,15,-13.13653337,0.018557551,0,35,135,1,0,0,9,-2.636224651,0,29,42,279,0,1,0,342,113,15,-11.50456779,0,0,30,1,23,3,9,1,0,0,3,0,0,4,0,0,0,0,1,1,1,1,0,6,47,5,2,20,0,0,4,5,1,0,57,0.8,0,2,1,0,1,0,0,0,0,0,0,1,57;30;22;29,61,NA,138,61,0,1,1,0,0,1,0,1,1,0,61
2025,11,SF,REG,ARI,19,26,200,3,0,1,-14,0,0,188,77,13,8.642695559,7.890215745,0,25,95,2,0,0,8,-2.416475222,0,19,26,200,3,0,0,188,77,13,11.92826921,0,0,40,2,52,3,10,1,0,0,4,2,64,4,0,0,0,0,0,0,1,1,0,1,15,3,1,9,2,140,3,3,0,0,48,1,0,0,0,3,0,0,0,0,0,0,0,0,48;47;47,NA,NA,142,0,0,2,4,1,1,0.5,0,0,0,0,0
2025,11,TB,REG,BUF,16,28,173,1,1,1,-8,1,1,196,78,6,-8.958836055,-8.347461952,0,39,202,3,0,0,13,12.67819442,0,16,27,173,1,0,0,196,78,6,-2.835764378,0,0,31,1,21,3,6,2,0,0,1,2,3,6,0,0,0,0,0,0,1,1,0,2,30,6,0,0,6,161,2,2,0,0,24,1,0,2,0,0,0,0,0,0,0,0,0,0,23;24,NA,NA,47,0,0,2,2,0,0,1,0,0,0,0,0
2025,11,TEN,REG,HOU,24,37,194,1,0,3,-23,1,1,268,89,10,-2.71816846,-1.995718024,0,17,58,0,0,0,3,-4.108745871,0,24,36,194,1,0,0,268,89,10,5.483560657,0,0,42,1,29,8,33,0,4,34,8,0,0,9,0,1,0,0,1,1,0,0,0,9,62,4,2,1,2,49,2,2,0,0,56,1,0,0,0,1,1,0,0,0,0,0,0,0,56;47,NA,NA,103,0,0,1,1,0,0,1,0,0,0,0,0
2025,11,WAS,REG,MIA,20,30,213,1,1,1,-6,0,0,221,126,10,4.053688163,2.292767886,0,33,172,0,0,0,9,0.466470538,0,20,29,213,1,0,0,221,126,10,6.586390341,0,0,35,1,29,6,36,0,3,29,3,0,0,1,0,1,0,0,0,0,0,0,0,6,31,6,2,0,4,93,2,4,2,0,30,0.5,0,1,1,0,0,0,0,0,0,0,2,0,26;30,51;56,NA,56,107,0,1,1,0,0,1,0,0,0,0,0
